Class,GyroX,GyroY,GyroZ,AccX,AccY,AccZ
1,-0.923664122,3.694656489,0.824427481,0.162597656,-0.086669922,-0.969482422
1,-0.908396947,4.534351145,0.832061069,0.17578125,-0.100585938,-1.013183594
1,0.786259542,3.969465649,0.58778626,0.322753906,-0.140380859,-0.911621094
1,0.335877863,4.564885496,-0.251908397,0.480224609,-0.226806641,-0.936767578
1,3.351145038,2.694656489,-0.106870229,0.426025391,-0.25390625,-0.950195313
1,-1.503816794,3.183206107,-1.65648855,0.383789063,-0.141601563,-0.919677734
1,1.358778626,8.72519084,-0.946564885,0.404785156,-0.257324219,-0.862548828
1,-1.083969466,4.106870229,-0.625954198,0.346923828,-0.106201172,-0.969970703
1,0.053435115,5.083969466,-2.221374046,0.276611328,-0.257568359,-1.008300781
1,-1.106870229,3.65648855,0.778625954,0.158935547,-0.111572266,-0.971435547
1,-0.992366412,3.305343511,0.694656489,0.177246094,-0.100341797,-1.002197266
1,-0.839694656,3.72519084,0.740458015,0.181152344,-0.095458984,-0.980224609
1,-0.129770992,4.083969466,0.877862595,0.306396484,-0.160644531,-0.946777344
1,-1.358778626,5.564885496,0.198473282,0.512207031,-0.186523438,-0.977783203
1,1.282442748,0.404580153,1.198473282,0.577392578,-0.297363281,-0.860839844
1,-0.236641221,0.732824427,1.450381679,0.347167969,-0.072509766,-1.052246094
1,-0.847328244,2.030534351,0.694656489,0.490478516,-0.109619141,-0.966064453
1,1.770992366,8.526717557,1.946564885,0.455322266,-0.253173828,-0.851318359
1,-0.610687023,4.450381679,0.816793893,0.157958984,-0.065429688,-1.016357422
1,-0.748091603,4.374045802,0.809160305,0.155761719,-0.082275391,-0.987548828
1,-0.58778626,5.366412214,1.877862595,0.356445313,-0.186035156,-1.053466797
1,-0.389312977,2.526717557,0.381679389,0.516845703,-0.183349609,-0.808349609
1,1.320610687,9.213740458,1.832061069,0.643554688,-0.215820313,-1.069580078
1,-3.709923664,5.79389313,-1.419847328,0.3046875,-0.197998047,-1.033203125
1,-5.694656489,4.778625954,-0.015267176,0.465087891,-0.166992188,-0.838867188
1,1.916030534,4.374045802,-0.526717557,0.257568359,-0.132568359,-0.948242188
1,2.618320611,8.229007634,-1.312977099,0.079101563,-0.005371094,-0.870361328
1,-0.595419847,4.282442748,0.86259542,0.182128906,-0.104248047,-0.986572266
1,-0.755725191,4.503816794,0.954198473,0.222412109,-0.087158203,-0.990234375
1,0.496183206,8.717557252,1.030534351,0.512695313,-0.194580078,-0.825927734
1,-0.06870229,2.870229008,1.93129771,0.456298828,-0.179199219,-0.9375
1,-2.488549618,6.648854962,1.045801527,0.556396484,-0.1875,-0.981689453
1,-0.229007634,6.679389313,-0.755725191,0.380615234,-0.243408203,-1.003173828
1,-0.572519084,4.908396947,0.916030534,0.455078125,-0.2421875,-0.96484375
1,1.580152672,0.648854962,-2.465648855,0.291748047,-0.375244141,-1.124511719
1,1.053435115,7.091603053,1.061068702,0.242431641,0.080566406,-0.810058594
1,-0.404580153,4.06870229,0.977099237,0.158691406,-0.087890625,-1.020996094
1,-0.404580153,4.229007634,0.900763359,0.156494141,-0.088134766,-0.985351563
1,2.503816794,4.496183206,1.473282443,0.393798828,-0.135009766,-0.942138672
1,-3.335877863,4.290076336,0.984732824,0.4921875,-0.070068359,-0.824707031
1,-3.190839695,3.465648855,-1.358778626,0.489501953,-0.274414063,-1.021484375
1,-4.946564885,10.65648855,-0.282442748,0.381103516,-0.047119141,-1.126220703
1,-4.473282443,9.503816794,0.511450382,0.517333984,-0.245361328,-0.778076172
1,10.15267176,5.564885496,1.213740458,0.419921875,-0.119873047,-1.042236328
1,-0.969465649,9.557251908,-0.671755725,0.168945313,-0.155273438,-1.114746094
1,-0.709923664,5.045801527,0.618320611,0.179443359,-0.088623047,-1.018798828
1,-0.213740458,4.221374046,0.885496183,0.261230469,-0.132324219,-1.034912109
1,1.091603053,5.549618321,0.41221374,0.549316406,-0.275878906,-0.882080078
1,-3.541984733,4.923664122,-1.213740458,0.608398438,-0.192626953,-0.916748047
1,-1.633587786,7.190839695,-1.870229008,0.328613281,-0.050048828,-0.913818359
1,0.534351145,4.664122137,-2.122137405,0.378662109,-0.063964844,-0.934326172
1,0.610687023,3.038167939,1.511450382,0.549560547,-0.173339844,-1.087158203
1,2.061068702,-2.801526718,-0.213740458,0.133789063,-0.078857422,-1.215820313
1,-1.877862595,0.282442748,-1.381679389,0.194091797,-0.178466797,-1.083251953
1,-0.465648855,4.236641221,0.946564885,0.15625,-0.077148438,-1.005126953
1,-0.671755725,4.442748092,0.832061069,0.171142578,-0.063964844,-1.011474609
1,-0.801526718,4.564885496,0.946564885,0.204589844,-0.065185547,-1.049560547
1,0.946564885,6.389312977,0.877862595,0.445556641,-0.230957031,-0.984375
1,-3.687022901,3.366412214,-1.870229008,0.461914063,-0.179199219,-0.924560547
1,-0.259541985,2.053435115,0.480916031,0.454101563,-0.162597656,-0.880126953
1,3.458015267,-0.229007634,0.984732824,0.400146484,-0.272949219,-1.011230469
1,-4.648854962,7.435114504,3.702290076,0.555175781,-0.325195313,-1.104248047
1,-5.442748092,4.72519084,0.526717557,0.303710938,-0.112060547,-1.280517578
1,-0.618320611,4.335877863,1.267175573,0.19140625,-0.086425781,-1.006347656
1,-0.641221374,4.557251908,0.763358779,0.201416016,-0.083984375,-1.012695313
1,-0.358778626,8.442748092,0.763358779,0.282470703,-0.061279297,-0.979736328
1,-2.885496183,2.297709924,-1.045801527,0.483154297,-0.201904297,-0.858398438
1,-3.099236641,7.908396947,-0.900763359,0.412597656,-0.145263672,-0.826416016
1,2.740458015,-0.183206107,-2.190839695,0.389160156,-0.033203125,-1.23828125
1,2.27480916,11.49618321,-0.770992366,0.493652344,-0.195556641,-1.230712891
1,-5.488549618,1.053435115,0.854961832,0.381591797,-0.250976563,-0.874023438
1,-1.961832061,7.053435115,0.748091603,0.127441406,-0.180175781,-1.031982422
1,-0.358778626,4.709923664,0.694656489,0.1796875,-0.08203125,-1.026611328
1,-0.541984733,4.396946565,1.038167939,0.145019531,-0.091552734,-1.000976563
1,-3.58778626,9.045801527,0.045801527,0.407958984,-0.195556641,-1.009033203
1,1.748091603,4.526717557,0.305343511,0.507080078,-0.268554688,-0.992675781
1,0.541984733,1.946564885,2.58778626,0.455810547,-0.095214844,-0.875244141
1,-1.381679389,7.595419847,5.213740458,0.541992188,-0.123535156,-1.0546875
1,-7.374045802,11.57251908,1.488549618,0.343261719,-0.166259766,-1.009277344
1,-1.679389313,5.946564885,5.786259542,0.122070313,-0.033691406,-1.166503906
1,-4.030534351,9.396946565,4.20610687,0.103759766,-0.050537109,-1.184082031
1,-0.770992366,5.106870229,-0.351145038,0.168457031,-0.073242188,-0.992431641
1,-0.328244275,4.786259542,0.79389313,0.149169922,-0.078125,-1.018066406
1,1.679389313,5.534351145,1.763358779,0.550292969,-0.193603516,-0.889160156
1,-2.618320611,6.404580153,0.511450382,0.590087891,-0.2265625,-0.860595703
1,0.061068702,3.259541985,0.435114504,0.504638672,-0.189941406,-0.926513672
1,0.198473282,3.740458015,1.717557252,0.424560547,-0.234130859,-1.022216797
1,3.900763359,6.053435115,1.099236641,0.355712891,-0.200683594,-0.974853516
1,-2.335877863,-3.549618321,2.580152672,0.212402344,-0.151123047,-0.810302734
1,-1.320610687,6.854961832,2.977099237,0.035644531,0.015380859,-1.174316406
1,-0.671755725,4.442748092,1.152671756,0.169921875,-0.070800781,-1.010009766
1,-0.79389313,4.27480916,0.870229008,0.161865234,-0.078857422,-0.994384766
1,1.824427481,1.503816794,0.106870229,0.375732422,-0.194580078,-1.076171875
1,-2.603053435,4.076335878,1.526717557,0.605712891,-0.187255859,-0.990478516
1,2.961832061,7.580152672,0.183206107,0.48828125,-0.101318359,-0.953369141
1,-3.259541985,5.687022901,3.641221374,0.282958984,-0.126220703,-1.045654297
1,-8.167938931,2.41221374,-0.167938931,0.252685547,-0.323486328,-0.855957031
1,-3.72519084,1.633587786,5.045801527,0.108154297,0.054443359,-1.05078125
1,1.893129771,5.824427481,7.335877863,0.045898438,-0.071044922,-1.293945313
1,-0.671755725,4.374045802,0.732824427,0.201416016,-0.085205078,-1.004150391
1,-0.442748092,3.801526718,0.770992366,0.183837891,-0.098876953,-0.930908203
1,-5.755725191,3.877862595,0.86259542,0.468994141,-0.167724609,-0.989746094
1,0.541984733,3.549618321,0.900763359,0.547119141,-0.208984375,-0.926513672
1,0.717557252,2.404580153,-0.282442748,0.274658203,-0.086669922,-1.077636719
1,-1.870229008,7.290076336,1.709923664,0.45703125,-0.210205078,-1.078857422
1,3.618320611,7.122137405,0.450381679,0.206054688,-0.022949219,-0.928222656
1,-5.854961832,-2.061068702,3.06870229,0.160644531,0.004638672,-1.0703125
1,-4.961832061,2.770992366,2.488549618,0.0859375,-0.088623047,-1.135498047
1,-0.297709924,4.519083969,1.160305344,0.156005859,-0.1015625,-1.008056641
1,-0.755725191,4.58778626,1.183206107,0.177490234,-0.069824219,-1.006347656
1,4.732824427,5.839694656,1.618320611,0.454101563,-0.231201172,-0.969970703
1,-0.473282443,5.114503817,1.709923664,0.510742188,-0.209228516,-0.869628906
1,-0.015267176,1.625954198,0.679389313,0.349609375,-0.151611328,-0.888671875
1,6.732824427,5.786259542,2.396946565,0.4453125,-0.170654297,-0.903076172
1,-11.66412214,7.732824427,1.946564885,0.390625,0.057617188,-0.630615234
1,7.290076336,13.28244275,0.900763359,0.184570313,-0.099121094,-0.911621094
1,-3.167938931,0.06870229,1.961832061,0.086181641,0.056884766,-1.036621094
1,-0.160305344,4.267175573,0.847328244,0.200195313,-0.109375,-1.009033203
1,-0.259541985,4.65648855,0.717557252,0.156738281,-0.086669922,-1.005126953
1,-2.58778626,6.541984733,0.580152672,0.409179688,-0.107910156,-0.992919922
1,-0.458015267,6,1.312977099,0.536621094,-0.177978516,-1.012939453
1,-0.175572519,13.5648855,0.045801527,0.557128906,-0.262695313,-0.99609375
1,0.839694656,6.664122137,-0.595419847,0.353515625,-0.086425781,-1.003173828
1,1.213740458,-0.038167939,0.030534351,0.205322266,-0.112060547,-0.928710938
1,-6.709923664,10.19083969,2.72519084,0.221923828,-0.032470703,-0.879638672
1,5.13740458,2.86259542,4.625954198,-0.017333984,0.163574219,-0.861572266
1,-0.34351145,4.541984733,0.694656489,0.161132813,-0.107177734,-1.027587891
1,-2.259541985,0.72519084,0.938931298,0.241943359,-0.12890625,-1.038818359
1,-1.374045802,4.732824427,0.748091603,0.247070313,-0.099121094,-0.998046875
1,-0.79389313,1.503816794,0.167938931,0.475341797,-0.210693359,-0.934814453
1,-1.175572519,6.160305344,0.72519084,0.522460938,-0.218261719,-0.950439453
1,5.351145038,2.526717557,1.816793893,0.525390625,-0.230224609,-1.071777344
1,-2.496183206,11.09160305,3.351145038,0.498046875,-0.235595703,-1.359863281
1,1.648854962,4.549618321,4.419847328,0.088623047,0.049560547,-0.881835938
1,0.694656489,5.633587786,7.549618321,0.088378906,0.077148438,-1.236816406
1,-0.854961832,4.732824427,0.854961832,0.177978516,-0.091796875,-1.049560547
1,-4.099236641,7.435114504,0.541984733,0.409912109,-0.169677734,-1.063964844
1,-1.603053435,2.091603053,3.900763359,0.437255859,-0.105224609,-0.992431641
1,-1.748091603,4.053435115,2.694656489,0.504394531,-0.091552734,-0.837402344
1,-1.740458015,1.297709924,2.65648855,0.427001953,-0.171386719,-0.930908203
1,-3.877862595,3.442748092,1.549618321,0.260742188,-0.125976563,-1.006591797
1,-0.923664122,2.106870229,1.022900763,0.161132813,-0.166992188,-1.058837891
1,-4.061068702,1.190839695,-1.404580153,0.120117188,-0.124755859,-1.106933594
1,0,2.748091603,0.244274809,0.061279297,-0.122314453,-1.146484375
1,-0.351145038,4.679389313,0.740458015,0.160888672,-0.093017578,-1.0078125
1,-0.190839695,6.114503817,0.748091603,0.157958984,-0.102539063,-1.008789063
1,-5.557251908,1.221374046,0.549618321,0.410644531,-0.08984375,-0.958251953
1,1.015267176,2.671755725,1.488549618,0.495117188,-0.162109375,-1.008300781
1,-2.335877863,-1.267175573,1.175572519,0.433105469,-0.188720703,-0.859863281
1,1.13740458,7.450381679,3.717557252,0.418701172,-0.072265625,-1.278320313
1,2.832061069,7.213740458,0.541984733,0.132080078,0.004394531,-0.831298828
1,-3.221374046,5.755725191,-0.969465649,0.16015625,-0.154785156,-1.060546875
1,0.717557252,3.091603053,-6.160305344,0.011474609,-0.1015625,-1.089355469
1,0.076335878,4.022900763,0.717557252,0.187011719,-0.095458984,-0.992675781
1,-0.79389313,5.167938931,0.740458015,0.197021484,-0.095703125,-0.995605469
1,1.541984733,2.664122137,0.977099237,0.503662109,-0.184082031,-0.972167969
1,-2.404580153,7.183206107,1.335877863,0.460693359,-0.189453125,-1.077392578
1,0.977099237,9.030534351,0.221374046,0.37890625,-0.233154297,-1.014892578
1,1.541984733,3.541984733,-0.152671756,0.242431641,-0.111328125,-1.016601563
1,2.816793893,3.977099237,0.694656489,0.088867188,-0.095214844,-0.922851563
1,-0.618320611,4.984732824,-3.236641221,0.195556641,-0.212890625,-1.171875
1,-1.755725191,4.916030534,-2.305343511,0.081542969,-0.127441406,-0.993164063
1,-0.312977099,4.259541985,0.740458015,0.165527344,-0.075683594,-1.002929688
1,-0.251908397,5.122137405,1.129770992,0.278076172,-0.084472656,-0.997802734
1,-1.679389313,6.27480916,-0.938931298,0.463134766,-0.131591797,-0.974121094
1,0.473282443,2.816793893,-2.702290076,0.420654297,-0.131591797,-0.810302734
1,0.244274809,2.961832061,1,0.451660156,-0.215087891,-1.154296875
1,6.58778626,5.938931298,2.351145038,0.277832031,-0.195556641,-1.145019531
1,-2.251908397,-3.34351145,-0.007633588,0.232666016,-0.255126953,-1.110839844
1,4.198473282,13.39694656,-2.335877863,0.145751953,0.002685547,-0.901367188
1,1.106870229,2.038167939,-8.351145038,-0.078857422,-0.213378906,-1.121826172
1,-0.679389313,3.969465649,0.854961832,0.189941406,-0.071533203,-0.989990234
1,-0.885496183,3.977099237,0.977099237,0.179199219,-0.063720703,-0.961181641
1,-0.618320611,5.427480916,1.389312977,0.314697266,-0.102050781,-0.925292969
1,-1.404580153,5.221374046,-1.045801527,0.447021484,-0.144775391,-0.967285156
1,-5.053435115,3.534351145,-2.145038168,0.475097656,-0.146728516,-1.0390625
1,1.748091603,2.648854962,-2,0.548583984,-0.342773438,-1.056640625
1,-2.450381679,8.442748092,-0.557251908,0.332275391,-0.120849609,-1.015625
1,-5.053435115,1.06870229,3.763358779,0.304931641,-0.104248047,-0.838623047
1,-0.290076336,-2.152671756,1.748091603,0.440429688,-0.073486328,-1.081298828
1,7.34351145,2.244274809,1.885496183,0.482666016,-0.164550781,-1.033935547
1,-4.259541985,2.053435115,2.045801527,0.478271484,-0.128662109,-1.036376953
1,-7.541984733,2.267175573,2.969465649,0.491455078,-0.305908203,-0.729003906
1,-2.572519084,2.198473282,-1.030534351,0.516601563,-0.182128906,-0.768554688
1,-11.48091603,-1.145038168,0.282442748,0.494384766,-0.158691406,-0.456787109
1,-1.93129771,1.740458015,0.038167939,0.254394531,-0.126220703,-1.002441406
1,3.946564885,-0.435114504,1.748091603,0.191650391,-0.219482422,-0.884033203
1,2.977099237,0.79389313,0.801526718,0.100341797,-0.032958984,-0.947021484
1,2.595419847,7.335877863,1.435114504,0.031005859,0.017822266,-1.033691406
1,-0.389312977,5.854961832,-0.396946565,0.165771484,-0.039550781,-1.009033203
1,-1.061068702,4.473282443,0.458015267,0.195800781,-0.021728516,-0.984863281
1,-0.297709924,4.648854962,0.79389313,0.184326172,-0.0625,-1.021972656
1,-0.809160305,4.13740458,0.847328244,0.181396484,-0.068359375,-1.009521484
1,-0.770992366,4.312977099,0.786259542,0.182861328,-0.048828125,-1.014892578
1,-0.839694656,4.282442748,0.610687023,0.186035156,-0.061767578,-0.984863281
1,-0.816793893,4.20610687,1,0.190673828,-0.072021484,-0.973632813
1,-0.946564885,4.114503817,0.870229008,0.197509766,-0.067871094,-0.986328125
1,-0.671755725,4.236641221,0.984732824,0.193115234,-0.063476563,-1.009521484
1,-5,12.22137405,-0.93129771,0.503662109,-0.062011719,-0.965576172
1,5.061068702,-0.442748092,0.984732824,0.329345703,-0.058837891,-0.879394531
1,-9.839694656,4.755725191,3.717557252,0.304931641,-0.016113281,-0.804443359
1,-2.221374046,3.221374046,-1.809160305,-0.013916016,0.125244141,-1.136474609
1,2.786259542,-1.290076336,-4.923664122,0.1484375,-0.136962891,-1.084716797
1,-1.526717557,0.969465649,-4.839694656,0.034912109,-0.105712891,-1.197753906
1,0.847328244,-1.694656489,-1.229007634,-0.032470703,-0.011962891,-0.744628906
1,4.114503817,7.305343511,4.541984733,0.084472656,0.116943359,-0.872558594
1,-2.358778626,5.27480916,13.67175573,0.219726563,0.188476563,-0.979492188
1,2.908396947,4.160305344,2.717557252,0.052978516,-0.030517578,-0.986816406
1,-5.190839695,7.732824427,2.893129771,0.193847656,-0.149169922,-0.792724609
1,-1.93129771,5.847328244,3.809160305,0.206298828,0.024658203,-0.940673828
1,-14.64885496,-0.122137405,4.946564885,0.049316406,-0.014404297,-0.794921875
1,0.374045802,1.175572519,0.503816794,0.134033203,-0.096923828,-1.118896484
1,1.236641221,1.335877863,0.175572519,0.057373047,-0.102783203,-1.285888672
1,1.801526718,2.503816794,0.312977099,-0.069580078,-0.078613281,-1.029296875
1,-1,9.717557252,2.259541985,-0.201904297,0.136474609,-0.861328125
1,2.083969466,-1.641221374,0.007633588,-0.040283203,-0.067871094,-0.854736328
1,-0.694656489,4.679389313,1.396946565,0.211181641,-0.064941406,-0.990478516
1,-1.06870229,8.648854962,1.847328244,0.441650391,-0.142822266,-0.931396484
1,-0.687022901,6.13740458,1.015267176,0.533935547,-0.146728516,-0.919189453
1,-0.72519084,6.106870229,1.770992366,0.546630859,-0.127685547,-1.131103516
1,-0.374045802,2.664122137,0.916030534,0.458740234,-0.138427734,-0.886230469
1,-3.389312977,2.030534351,1.557251908,0.365722656,-0.125488281,-0.881103516
1,1.312977099,0.381679389,0.473282443,0.306640625,-0.021484375,-0.912109375
1,2.473282443,3.702290076,1.328244275,0.448974609,-0.129150391,-0.831054688
1,-2.20610687,6.72519084,0.847328244,0.604003906,-0.159667969,-0.950927734
1,-0.114503817,4.251908397,0.458015267,0.239257813,-0.102294922,-0.972900391
1,-1.305343511,6.610687023,1.061068702,0.361328125,-0.112548828,-0.903808594
1,-1.633587786,3.030534351,0.190839695,0.479980469,-0.207275391,-0.826660156
1,2.442748092,3.183206107,-0.015267176,0.556884766,-0.213134766,-0.872070313
1,-0.099236641,5.244274809,-0.34351145,0.638916016,-0.135986328,-0.900146484
1,-1.198473282,3.335877863,0.099236641,0.253662109,-0.038818359,-1.185546875
1,-6.038167939,6.106870229,-0.290076336,0.405273438,-0.244384766,-0.997802734
1,-3.374045802,3.129770992,1.442748092,0.469970703,-0.067138672,-0.910888672
1,-0.351145038,5.076335878,-1.282442748,0.150146484,-0.049316406,-0.7890625
1,-3.229007634,-0.465648855,3.885496183,0.385498047,-0.069091797,-0.675048828
1,3.946564885,11.19083969,2.167938931,0.615966797,-0.083740234,-1.140136719
1,1.503816794,0.290076336,1.832061069,0.276367188,-0.160888672,-0.979248047
1,8.267175573,7.58778626,0.473282443,0.469482422,-0.266357422,-0.964111328
1,-6.641221374,7.022900763,1.13740458,0.323242188,-0.055908203,-0.792724609
1,-5.961832061,0.190839695,1.938931298,0.032714844,-0.053466797,-1.093994141
1,-8.221374046,7.099236641,0.450381679,0.217773438,-0.161865234,-1.014404297
1,2.946564885,5.442748092,0.954198473,-0.020263672,-0.063476563,-1.134033203
1,3.870229008,1.229007634,1.038167939,0.017578125,-0.024658203,-1.218505859
1,-1.908396947,4.145038168,0.870229008,0.150634766,-0.079589844,-0.995361328
1,0.358778626,6.992366412,1.145038168,0.343261719,-0.110107422,-0.983642578
1,0.320610687,5.610687023,0.450381679,0.485595703,-0.171386719,-1.018798828
1,-2.099236641,3.022900763,3.244274809,0.596191406,-0.167724609,-0.801513672
1,0.213740458,4.511450382,2.893129771,0.494384766,-0.107421875,-0.909912109
1,-5.450381679,5.061068702,1.083969466,0.465820313,-0.196289063,-1.076904297
1,0.259541985,8.93129771,2.427480916,0.629394531,-0.313232422,-1.153564453
1,2.13740458,0.267175573,0.244274809,0.376464844,-0.122802734,-0.760986328
1,1.79389313,0.198473282,0.954198473,0.5546875,-0.227294922,-0.887695313
2,-1.328244275,4.381679389,1.122137405,0.162353516,-0.067138672,-0.972900391
2,-0.496183206,2.72519084,5.458015267,0.31640625,-0.1328125,-0.931396484
2,-1.328244275,1.732824427,4.099236641,0.171875,-0.073242188,-0.942382813
2,-1.076335878,4.992366412,3.740458015,0.337890625,-0.156982422,-1.090820313
2,7.045801527,4.030534351,1.038167939,0.256591797,-0.169433594,-0.926269531
2,-3.732824427,7.557251908,0.938931298,0.135253906,-0.053466797,-0.878662109
2,0.160305344,7.770992366,-3.839694656,0.212402344,-0.182128906,-1.090087891
2,7.229007634,-1.442748092,-33.23664122,0.03125,-0.661132813,-1.219482422
2,-3.618320611,-1.145038168,-39.42748092,-0.151855469,-0.442382813,-0.953369141
2,-2.618320611,1.625954198,-18.34351145,0.103027344,-0.153808594,-0.946044922
2,1.908396947,2.312977099,-1.41221374,0.140136719,0.0078125,-0.90625
2,-1.061068702,3.152671756,2.473282443,0.064941406,-0.000244141,-0.943115234
2,-0.984732824,4.809160305,1.022900763,0.203125,-0.070068359,-1.00390625
2,-4.190839695,4.312977099,4.870229008,0.319580078,-0.107666016,-0.927001953
2,-3.93129771,2.824427481,5.755725191,0.385498047,-0.165771484,-0.987792969
2,-2.267175573,5.824427481,2.129770992,0.291748047,-0.057617188,-1.138427734
2,4.419847328,4.129770992,1.236641221,0.287353516,-0.123535156,-0.990234375
2,2.93129771,8.244274809,2.480916031,0.153564453,0.006347656,-0.985107422
2,2.702290076,4.732824427,-0.473282443,0.271484375,-0.130371094,-0.856933594
2,3.083969466,-1.106870229,-25.78625954,-0.086669922,-0.520507813,-1.021240234
2,-1.129770992,-0.687022901,-41.34351145,-0.109375,-0.564697266,-0.816894531
2,3.854961832,0.244274809,-30.20610687,0.152832031,-0.471435547,-0.839355469
2,-0.351145038,3.534351145,-2.419847328,0.169189453,-0.154541016,-0.909912109
2,2.992366412,5.763358779,1.358778626,0.19140625,-0.055419922,-1.040527344
2,-0.183206107,4.870229008,0.778625954,0.255615234,-0.102539063,-0.967285156
2,-0.786259542,5.190839695,1.167938931,0.253173828,-0.078369141,-0.968994141
2,-0.198473282,4.061068702,2.557251908,0.39453125,-0.119873047,-1.001708984
2,-1.885496183,6.007633588,5.030534351,0.250488281,-0.116699219,-1.039794922
2,-4.946564885,4.832061069,3.030534351,0.396728516,-0.136474609,-1.036621094
2,-1.27480916,10.24427481,3.458015267,0.291748047,-0.133544922,-0.937255859
2,5.007633588,4.854961832,1.702290076,0.266601563,-0.212646484,-0.856201172
2,5.572519084,1.946564885,-4.480916031,0.216064453,-0.170898438,-0.978759766
2,1.06870229,-1.557251908,-36.08396947,-0.178466797,-0.579345703,-0.838623047
2,1.030534351,0.213740458,-36.04580153,-0.036621094,-0.434082031,-1.032226563
2,1.114503817,2.190839695,-23.29007634,-0.004394531,-0.164306641,-0.957275391
2,-1.816793893,7.396946565,2.320610687,0.221435547,-0.018066406,-1.089111328
2,-0.946564885,4.557251908,0.801526718,0.183349609,-0.061523438,-1.014648438
2,-0.496183206,3.908396947,0.870229008,0.171875,-0.069824219,-0.937744141
2,0.083969466,6.79389313,1,0.30859375,-0.113525391,-0.991943359
2,0.603053435,3.396946565,5.076335878,0.448486328,-0.130615234,-0.979003906
2,-0.251908397,3.20610687,2.045801527,0.423828125,-0.197265625,-0.960449219
2,-7.122137405,5.045801527,5.603053435,0.293212891,-0.020019531,-0.936767578
2,-2.65648855,6.763358779,1.091603053,0.090332031,0.090820313,-0.947021484
2,-1.251908397,-1.427480916,1.41221374,0.273681641,-0.076904297,-1.244140625
2,5.389312977,-5.908396947,-27.41221374,-0.047363281,-0.492431641,-0.972900391
2,12.77862595,-3.679389313,-43.11450382,-0.147216797,-0.5390625,-0.935546875
2,1.41221374,3.259541985,-11.80152672,0.143798828,-0.245849609,-0.883300781
2,-5.824427481,8.160305344,1.465648855,0.139404297,-0.225830078,-0.954345703
2,-0.763358779,4.038167939,0.900763359,0.182617188,-0.073730469,-0.995605469
2,-0.580152672,5.503816794,2.480916031,0.336914063,-0.100097656,-0.965576172
2,0.618320611,2.908396947,5.572519084,0.352294922,-0.118164063,-0.867431641
2,-1.053435115,4.099236641,3.175572519,0.316650391,-0.200439453,-0.871582031
2,-1.709923664,0.427480916,0.106870229,0.294677734,-0.313720703,-1.026123047
2,0.702290076,9.809160305,2.061068702,0.333007813,-0.127441406,-0.998291016
2,-7.541984733,4.79389313,1.450381679,0.237548828,-0.087402344,-1.064941406
2,6.72519084,-0.763358779,-30.16030534,-0.077148438,-0.563232422,-0.834716797
2,-1.152671756,4.351145038,-40.60305344,-0.079833984,-0.638427734,-0.913818359
2,-1.938931298,2.801526718,-23.96946565,0.105712891,-0.236816406,-1.112304688
2,0.236641221,5.083969466,0.305343511,0.208496094,-0.052490234,-1.074462891
2,4.145038168,0.763358779,2.488549618,0.1171875,-0.073730469,-1.032714844
2,-0.832061069,3.969465649,0.618320611,0.188964844,-0.05859375,-0.989990234
2,-0.893129771,4.083969466,3.183206107,0.353027344,-0.097900391,-0.917236328
2,-0.519083969,3.106870229,3.541984733,0.292724609,-0.064208984,-0.904785156
2,-3.083969466,1.198473282,4.160305344,0.252441406,-0.124755859,-1.080078125
2,-10.73282443,8.992366412,1.473282443,0.350341797,-0.08984375,-1.002441406
2,0.65648855,6.854961832,2.20610687,0.298828125,-0.134521484,-1.158203125
2,2.519083969,4.885496183,-2.022900763,0.155761719,-0.172363281,-0.921875
2,-2.65648855,5.961832061,-37.71755725,-0.13671875,-0.564941406,-1.054199219
2,7.480916031,-1.885496183,-39.12977099,-0.059082031,-0.416503906,-0.914794922
2,1.908396947,7.610687023,-8.755725191,0.332275391,-0.180419922,-0.890869141
2,1.79389313,2.160305344,0.557251908,0.090087891,-0.061035156,-0.915527344
2,-0.366412214,4.396946565,-8.938931298,-0.085449219,-0.114990234,-1.004394531
2,-0.305343511,4.145038168,0.732824427,0.192871094,-0.063964844,-0.993652344
2,-1.366412214,5.534351145,2.534351145,0.366943359,-0.079589844,-0.9453125
2,-0.824427481,1.954198473,1.786259542,0.392333984,-0.160400391,-0.779296875
2,-3.648854962,7.152671756,4.389312977,0.366699219,-0.13671875,-1.052001953
2,0.358778626,10.35877863,4.106870229,0.246337891,-0.091796875,-1.102294922
2,-3.267175573,9.557251908,0.984732824,0.311279297,-0.137695313,-0.956298828
2,5.625954198,-0.053435115,-24.88549618,-0.005126953,-0.549316406,-0.774414063
2,8.122137405,-0.610687023,-37.75572519,-0.201416016,-0.669189453,-0.970458984
2,3.122137405,7.832061069,-32.40458015,-0.079589844,-0.505859375,-0.977783203
2,-3.374045802,0.732824427,-2.015267176,0.196777344,-0.161621094,-1.031494141
2,-3.404580153,7.480916031,2.839694656,-0.052246094,-0.073486328,-0.856201172
2,7.541984733,-1.824427481,-24.16793893,0.002685547,-0.420166016,-1.161132813
2,-0.435114504,3.908396947,0.946564885,0.225341797,-0.065429688,-0.917236328
2,-1.297709924,4.015267176,0.419847328,0.362792969,-0.137695313,-0.911865234
2,0.381679389,3.969465649,3.778625954,0.401611328,-0.083251953,-0.853027344
2,3.595419847,1.038167939,1.740458015,0.106445313,-0.142822266,-1.006835938
2,-5.183206107,-1.465648855,5.824427481,0.273193359,-0.116943359,-0.850830078
2,4.511450382,6.832061069,-22.64122137,0.052001953,-0.509277344,-1.291992188
2,10.64885496,-7.160305344,-44.89312977,-0.188720703,-0.663330078,-1.0859375
2,4.442748092,3.618320611,-9.748091603,0.329589844,-0.235107422,-1.078369141
2,2.335877863,10.42748092,-0.72519084,0.037353516,-0.204345703,-0.924316406
2,0.832061069,2.427480916,-8.305343511,-0.072265625,-0.153564453,-1.036376953
2,4.389312977,-0.885496183,-24.30534351,-0.035400391,-0.326904297,-0.995849609
2,2.65648855,-2.442748092,-27.61832061,0.006347656,-0.343017578,-0.899658203
2,-0.41221374,4.519083969,0.832061069,0.191894531,-0.076660156,-0.998535156
2,-5.251908397,9.442748092,0.06870229,0.450439453,-0.080322266,-0.846191406
2,-5,8.778625954,8.79389313,0.340087891,-0.052734375,-0.994140625
2,-1.717557252,3.458015267,0.458015267,0.395019531,-0.10546875,-1.069335938
2,8.664122137,10.4351145,5.923664122,0.384277344,0.061035156,-1.145996094
2,-1.022900763,-1.755725191,-17.09160305,-0.024902344,-0.397460938,-0.799804688
2,-11.60305344,0.86259542,-50.25954198,-0.252685547,-0.743652344,-0.886474609
2,-2.618320611,1.969465649,-11.79389313,0.211181641,-0.090576172,-1.065673828
2,2.755725191,4.916030534,-1.297709924,0.279296875,-0.142333984,-1.169921875
2,-1.954198473,3.435114504,-0.885496183,0.051757813,-0.001708984,-0.990722656
2,1.320610687,1.160305344,-14.41984733,0.004394531,-0.118408203,-0.98828125
2,1.41221374,0.038167939,-24.15267176,-0.014892578,-0.272705078,-0.971679688
2,-0.809160305,4.175572519,0.732824427,0.165771484,-0.074462891,-0.996337891
2,-2.022900763,5.015267176,5.854961832,0.3515625,-0.125488281,-0.978515625
2,-5.496183206,0.030534351,4.13740458,0.358154297,-0.097167969,-0.905029297
2,-1.534351145,9.580152672,6.160305344,0.368408203,-0.135498047,-0.992431641
2,0.320610687,2.106870229,1.908396947,0.095703125,-0.047119141,-1.102783203
2,-0.053435115,7.984732824,2.908396947,0.395019531,-0.075439453,-0.884765625
2,3.809160305,6.977099237,-1.984732824,0.198486328,-0.123046875,-0.909179688
2,5.832061069,3.679389313,-30.75572519,-0.020019531,-0.446533203,-1.001708984
2,3.717557252,-2.167938931,-40.89312977,-0.09765625,-0.533447266,-0.960449219
2,-1.580152672,0.053435115,-24.51908397,0.088134766,-0.405761719,-1.033203125
2,1.893129771,5.557251908,-0.145038168,0.317626953,0.028808594,-1.036621094
2,-0.65648855,5.595419847,5.290076336,0.094726563,-0.052978516,-1.091796875
2,-0.389312977,4.34351145,0.786259542,0.200683594,-0.093261719,-1.031494141
2,0.519083969,3.877862595,3.671755725,0.3515625,-0.115478516,-0.986083984
2,-3.244274809,4.778625954,3.557251908,0.327148438,-0.102783203,-0.963134766
2,1.679389313,4.251908397,0.419847328,0.315429688,-0.127441406,-1.217041016
2,-5.305343511,7.366412214,2.580152672,0.345458984,-0.047607422,-1.118652344
2,-4.41221374,11.99236641,5.809160305,0.200439453,0.002197266,-1.01953125
2,-2.41221374,7.106870229,0.541984733,0.074462891,-0.147460938,-0.862060547
2,3.015267176,-9.282442748,-24.6870229,-0.098876953,-0.529052734,-0.802490234
2,9.229007634,-6.93129771,-45.94656489,-0.128417969,-0.793457031,-1.021240234
2,3.946564885,-1.610687023,-38.75572519,-0.122070313,-0.634033203,-1.157714844
2,5.496183206,6.183206107,-6.374045802,0.272949219,0.045654297,-0.977050781
2,-2.58778626,3.93129771,3.595419847,0.184570313,-0.032226563,-0.960449219
2,-0.305343511,6.20610687,0.427480916,0.338134766,-0.073486328,-0.948242188
2,-2.358778626,0.885496183,3.564885496,0.270996094,-0.078125,-0.925048828
2,-5.122137405,5.091603053,4.221374046,0.388671875,-0.139892578,-0.998291016
2,-3.946564885,2.13740458,3.870229008,0.21875,-0.001220703,-0.964599609
2,-6.900763359,5.030534351,0.213740458,0.210205078,-0.094238281,-1.025878906
2,-3.129770992,3.717557252,0.190839695,0.355712891,-0.221923828,-1.075195313
2,0.770992366,5.694656489,-7.473282443,0.056396484,-0.353515625,-1.066162109
2,5.641221374,3.648854962,-28.38167939,-0.170654297,-0.334960938,-0.892089844
2,7.511450382,-1.335877863,-42.9389313,-0.087402344,-0.501220703,-1.005126953
2,7.053435115,2.854961832,-25.59541985,0.064208984,-0.426513672,-0.8203125
2,-3.526717557,3.259541985,3.259541985,0.187744141,0.06640625,-0.992675781
2,4.450381679,1.267175573,1.65648855,0.103515625,-0.130859375,-0.880126953
2,-0.053435115,6.847328244,3.419847328,0.365966797,-0.085693359,-0.949462891
2,-1.618320611,5.20610687,1.709923664,0.282958984,-0.067138672,-0.908447266
2,-7.366412214,6.259541985,2.381679389,0.278564453,-0.168701172,-1.038818359
2,0.572519084,-1.465648855,2.20610687,0.110351563,-0.056396484,-1.012695313
2,-1.442748092,8.442748092,3.717557252,0.252197266,-0.0234375,-0.999267578
2,-3.946564885,7.694656489,0.305343511,0.224853516,0.027587891,-0.941894531
2,-1.145038168,5.282442748,-21.44274809,0.020751953,-0.461669922,-0.913818359
2,6.687022901,5.740458015,-42.09160305,-0.092529297,-0.614013672,-1.12890625
2,6.381679389,-2.229007634,-41.6259542,-0.107910156,-0.571533203,-0.947021484
2,1.221374046,-3.091603053,-16.66412214,-0.026367188,-0.119873047,-0.958007813
2,-3.282442748,2.06870229,2.72519084,0.341552734,-0.072998047,-0.951904297
2,-3.763358779,0.58778626,3.732824427,0.116210938,-0.084228516,-1.043212891
2,0.290076336,5.045801527,1.969465649,0.356445313,-0.107666016,-1.001220703
2,-3.595419847,4.251908397,3.816793893,0.374267578,-0.064208984,-0.904785156
2,3.27480916,3.755725191,2.030534351,0.276611328,-0.102539063,-1.045410156
2,-4.045801527,3.969465649,3.190839695,0.279785156,-0.009033203,-0.989013672
2,0.511450382,7.763358779,3.732824427,0.280273438,-0.147216797,-0.991699219
2,3.076335878,0.404580153,1.923664122,0.289794922,-0.225097656,-1.066650391
2,0.374045802,7.083969466,0.893129771,0.212402344,-0.084960938,-1.030273438
2,4.396946565,2.374045802,-12.51145038,0.0703125,-0.507080078,-1.050292969
2,3.93129771,-0.20610687,-42.55725191,-0.137939453,-0.782226563,-0.938964844
2,-1.93129771,1.595419847,-42.45801527,-0.090820313,-0.420898438,-1.055908203
2,-5.870229008,3.007633588,-17.16793893,0.133300781,-0.254638672,-0.873535156
2,-5.465648855,-1.175572519,2.175572519,0.215576172,-0.077148438,-1.306152344
2,-0.72519084,4.534351145,1.122137405,0.329101563,-0.119140625,-0.974853516
2,-0.580152672,3.015267176,1.755725191,0.381835938,-0.103759766,-0.983398438
2,-0.229007634,3.305343511,1.961832061,0.314697266,-0.076660156,-0.978027344
2,-3.709923664,9.435114504,4.221374046,0.311767578,-0.037597656,-0.891113281
2,-0.236641221,0.190839695,1.923664122,0.225830078,-0.081298828,-0.897460938
2,-0.175572519,5.015267176,-0.748091603,0.135986328,-0.045654297,-0.969726563
2,5.763358779,7.847328244,1.86259542,0.279296875,-0.077148438,-1.178710938
2,-1.213740458,10.77862595,-2.458015267,0.412353516,-0.221679688,-0.960693359
2,5.954198473,-3.877862595,-28.0610687,-0.160400391,-0.594970703,-0.743896484
2,4.015267176,-5.541984733,-39.32061069,-0.097412109,-0.578857422,-0.877197266
2,3.419847328,-2.786259542,-38.6870229,-0.110595703,-0.594238281,-1.040771484
2,-1.65648855,-5.671755725,-14.41984733,0.135986328,-0.190185547,-0.874023438
2,-0.870229008,5.145038168,1.694656489,0.378417969,-0.103027344,-1.010986328
2,0.671755725,2.755725191,4.664122137,0.353759766,-0.083251953,-0.971191406
2,-3.534351145,3.923664122,2.465648855,0.422607422,-0.087890625,-1.069824219
2,-3.748091603,3.763358779,2.961832061,0.3046875,-0.094726563,-1.01171875
2,-3.244274809,-5.183206107,1.618320611,0.155029297,0.049316406,-0.854736328
2,3.167938931,0.86259542,0.458015267,0.176025391,-0.073974609,-0.917480469
2,1.427480916,-0.419847328,-0.13740458,0.171875,-0.105712891,-0.890869141
2,2.198473282,7.351145038,-1.259541985,0.338867188,-0.213378906,-1.094970703
2,2.854961832,-3.755725191,-25.83969466,-0.066894531,-0.485839844,-0.950683594
2,1.427480916,-1.053435115,-41.24427481,-0.049804688,-0.547119141,-0.987060547
2,6.549618321,1.977099237,-38.69465649,0.012207031,-0.609375,-1.019042969
2,3.847328244,3.839694656,-17.80916031,0.220214844,-0.400146484,-0.917724609
2,-1.396946565,2.06870229,3.06870229,0.345703125,-0.117675781,-0.955810547
2,1.015267176,4.282442748,4.717557252,0.388427734,-0.105712891,-0.917724609
2,-1.175572519,4.534351145,2.351145038,0.168457031,-0.022216797,-1.007080078
2,1.473282443,6.13740458,3.748091603,0.295166016,-0.1640625,-0.948730469
2,3.076335878,-4.190839695,-0.022900763,0.197998047,-0.166259766,-0.774902344
2,-2.213740458,-0.732824427,0.687022901,0.185302734,-0.080322266,-1.055908203
2,-2.984732824,11.61068702,1.610687023,0.368652344,-0.001953125,-1.004638672
2,-7.801526718,4.610687023,-0.694656489,0.123779297,0.058837891,-0.920898438
2,-1.190839695,3.282442748,-15.91603053,0.175292969,-0.4609375,-0.928466797
2,5.977099237,-7.694656489,-37.5648855,-0.052001953,-0.505371094,-0.898193359
2,3.893129771,0.648854962,-41.38931298,-0.015380859,-0.558105469,-1.228759766
2,-7.480916031,7.671755725,-25.99236641,0.288085938,-0.149658203,-0.930664063
2,-1.351145038,4.572519084,2.083969466,0.378173828,-0.106201172,-0.958251953
2,-0.832061069,2.832061069,5.290076336,0.393798828,-0.07421875,-0.986083984
2,-4.114503817,1.083969466,3.526717557,0.277587891,-0.100097656,-0.949707031
2,-4.045801527,3.687022901,3.847328244,0.346923828,-0.151855469,-0.991455078
2,-0.038167939,-0.72519084,1.641221374,0.1796875,-0.181640625,-0.909912109
2,-0.633587786,1.076335878,0.282442748,0.266113281,-0.052734375,-0.901367188
2,6.923664122,8.816793893,2.549618321,0.212646484,-0.021728516,-1.367919922
2,-3.65648855,7.702290076,1.58778626,0.035644531,-0.113769531,-0.800292969
2,4.328244275,3.175572519,-19.51908397,0.117919922,-0.373046875,-0.707763672
2,6.259541985,-3.79389313,-34.25954198,0.004882813,-0.564697266,-0.853515625
2,-0.938931298,-2.885496183,-39.45038168,-0.120849609,-0.461669922,-1.106201172
2,-1.374045802,1.900763359,-24.05343511,-0.090087891,-0.244140625,-0.924804688
2,-0.549618321,3.236641221,2.664122137,0.339355469,-0.126464844,-0.913085938
2,-0.396946565,6.427480916,2.458015267,0.390136719,-0.133544922,-1.023193359
2,0.740458015,3.916030534,2.839694656,0.473388672,-0.200927734,-1.1171875
2,-2.007633588,5.122137405,1.885496183,0.275146484,-0.124023438,-0.957519531
2,0.938931298,0.740458015,1.267175573,0.174072266,-0.154296875,-0.978515625
2,0.824427481,7.244274809,1.65648855,0.209716797,-0.027099609,-0.960693359
2,0.030534351,3.328244275,0.603053435,0.133056641,-0.095214844,-0.849121094
2,-1.763358779,2.748091603,1.610687023,0.21484375,-0.126220703,-1.233154297
2,-1.160305344,5.106870229,-19.71755725,-0.040039063,-0.283447266,-0.974365234
2,6.442748092,-3.816793893,-34.09160305,-0.106445313,-0.343261719,-0.903808594
2,0.458015267,-0.93129771,-29.53435115,0.177490234,-0.332519531,-0.991699219
2,-0.885496183,6.702290076,-14.15267176,0.159912109,-0.2578125,-0.9921875
2,-0.969465649,5.801526718,0.687022901,0.331298828,-0.112060547,-1.012695313
2,0.809160305,5.748091603,2.549618321,0.329101563,-0.084716797,-0.997802734
2,-1.748091603,3.229007634,2.358778626,0.374267578,-0.067382813,-0.9765625
2,-2.717557252,1.854961832,1.816793893,0.228759766,-0.135986328,-1.054443359
2,-0.86259542,2.396946565,0.129770992,0.284912109,-0.099853516,-0.940429688
2,4.786259542,4.854961832,1.923664122,0.404785156,-0.193847656,-1.077392578
2,-5.519083969,5.496183206,0.885496183,0.218505859,-0.061767578,-0.854736328
2,-3.473282443,-1.641221374,-1.076335878,0.096679688,-0.098876953,-0.919433594
2,-5.839694656,-7.687022901,-14.19847328,-0.130371094,-0.442138672,-0.993164063
2,2.358778626,-5.152671756,-24.88549618,-0.130126953,-0.309814453,-0.958740234
2,-2.06870229,5.809160305,-26.02290076,-0.036376953,-0.225585938,-0.940917969
2,3.099236641,-2.183206107,-24.79389313,0.08203125,-0.382568359,-0.977050781
2,-1.259541985,4.488549618,0.946564885,0.246337891,-0.079101563,-1.000732422
2,-1.167938931,4.419847328,0.954198473,0.367919922,-0.122802734,-0.935058594
2,-2.801526718,5.045801527,1.748091603,0.430419922,-0.150878906,-0.9453125
2,1.79389313,4.572519084,0.015267176,0.293945313,-0.111816406,-0.903808594
2,-0.58778626,4.480916031,1.564885496,0.374267578,-0.178710938,-0.915039063
2,-4.885496183,7.419847328,0.977099237,0.274169922,-0.048095703,-1.013671875
2,2.816793893,2.664122137,1.633587786,0.363037109,-0.197753906,-0.982177734
2,-1.053435115,4.732824427,1.053435115,0.143310547,-0.010009766,-0.937988281
2,-2.977099237,3.648854962,1.190839695,0.200195313,-0.083984375,-0.882324219
2,5.893129771,1.610687023,-10.40458015,0.112548828,-0.216796875,-0.889160156
2,5.877862595,0.045801527,-28.01526718,0.115234375,-0.593261719,-1.011962891
2,2.160305344,-2.267175573,-33.04580153,0.081542969,-0.509033203,-0.981445313
2,0.320610687,5.687022901,0.519083969,0.320800781,-0.116455078,-0.939453125
2,-0.694656489,4.549618321,0.183206107,0.341552734,-0.131591797,-1.018554688
2,-2.335877863,4.496183206,-0.404580153,0.2734375,-0.081787109,-0.961425781
2,-4.427480916,4.961832061,0.564885496,0.318359375,-0.100341797,-0.915771484
2,-6.816793893,4.923664122,0.328244275,0.152587891,-0.105224609,-1.056640625
2,-4.305343511,0.664122137,1.038167939,0.170898438,-0.017822266,-1.035644531
2,-1.419847328,3.977099237,0.381679389,0.230224609,-0.130371094,-0.872802734
2,-9.335877863,6.839694656,-0.229007634,0.184082031,-0.071044922,-1.081054688
2,-0.79389313,7.106870229,-22.84732824,-0.055908203,-0.258789063,-0.946289063
2,2.351145038,0.419847328,-28.03816794,0.075195313,-0.424560547,-0.885498047
2,1.709923664,11.58015267,-30.00763359,0.176757813,-0.518310547,-1.204101563
2,3.442748092,3.465648855,-22.63358779,0.25,-0.229003906,-0.994140625
2,-4.267175573,8.198473282,2.091603053,0.4296875,-0.102294922,-1.010986328
2,-4.595419847,3.72519084,2.34351145,0.288574219,-0.069824219,-0.965087891
2,-1.381679389,4.267175573,0.877862595,0.312011719,-0.134765625,-1.024658203
2,-1.969465649,3.045801527,0.79389313,0.284423828,-0.102539063,-1.040039063
2,-2.839694656,4.908396947,1.267175573,0.358398438,-0.136230469,-1.064453125
2,3.778625954,2.519083969,1.679389313,0.1796875,-0.10546875,-0.931640625
2,5.022900763,-4.13740458,-8.717557252,0.069335938,-0.253417969,-0.938964844
2,7.038167939,2.641221374,-26.14503817,-0.019775391,-0.499023438,-1.021728516
2,9.648854962,-5.06870229,-31.64122137,-0.220703125,-0.555664063,-1.021728516
2,4.977099237,5.312977099,-32.61832061,0.366943359,-0.579101563,-1.167236328
2,-6.015267176,3.458015267,-22.50381679,0.119628906,-0.24609375,-0.899414063
2,-5.832061069,9.679389313,-7.877862595,0.047119141,-0.123291016,-0.966064453
2,-0.72519084,4.190839695,0.923664122,0.1796875,-0.072753906,-0.994140625
2,-1.061068702,4.145038168,0.778625954,0.180175781,-0.080322266,-0.975830078
2,-0.801526718,4.083969466,0.809160305,0.186523438,-0.073974609,-0.985839844
2,-0.41221374,4.091603053,0.435114504,0.178955078,-0.090576172,-0.993408203
2,-0.58778626,4.099236641,0.694656489,0.184082031,-0.073486328,-1.001464844
2,-0.72519084,3.946564885,1.038167939,0.182861328,-0.071777344,-0.990966797
2,-0.824427481,4.152671756,0.79389313,0.183837891,-0.080078125,-1.004150391
2,-0.396946565,4,0.763358779,0.199951172,-0.066162109,-0.979248047
2,-0.740458015,4.41221374,0.786259542,0.175292969,-0.078613281,-0.997070313
2,-0.946564885,4.297709924,0.984732824,0.193847656,-0.068847656,-0.976074219
2,-0.748091603,3.93129771,0.580152672,0.176269531,-0.075683594,-0.988525391
2,-0.877862595,4.34351145,1.045801527,0.192626953,-0.055908203,-0.991455078
3,-0.496183206,2.511450382,0.702290076,0.226806641,-0.132324219,-1.010498047
3,-1.519083969,2.832061069,-1.244274809,0.331298828,-0.145751953,-0.998291016
3,0.679389313,3.20610687,-0.229007634,0.431396484,-0.209716797,-1.004150391
3,0.053435115,9.244274809,2.893129771,0.370117188,-0.062011719,-0.901123047
3,-0.664122137,8.030534351,0.961832061,0.364990234,-0.132324219,-1.001220703
3,3.664122137,1.13740458,-0.816793893,0.190917969,-0.080810547,-0.891113281
3,-1.832061069,0.015267176,0.450381679,0.001464844,-0.173828125,-1.040283203
3,-4.389312977,1.305343511,-1.129770992,0.268066406,-0.111572266,-0.996826172
3,-0.259541985,2.312977099,0.053435115,0.345947266,-0.113525391,-0.972412109
3,-2.633587786,3.091603053,4.938931298,0.099853516,0.098876953,-0.897949219
3,-4.167938931,9.41221374,24.27480916,0.116210938,0.244140625,-1.125488281
3,-5.045801527,-3.297709924,37.92366412,0.176025391,0.495605469,-1.023681641
3,-9.473282443,4.824427481,40.45801527,0.154785156,0.652099609,-0.760498047
3,-0.770992366,8.954198473,13.42748092,0.372802734,0.000244141,-0.943359375
3,-0.358778626,4.167938931,1.13740458,0.193847656,-0.086425781,-0.985839844
3,4.251908397,0.083969466,0.740458015,0.324462891,-0.192871094,-0.878662109
3,-0.65648855,3.427480916,-0.877862595,0.326904297,-0.169189453,-0.947753906
3,-2.053435115,2.458015267,1.251908397,0.397460938,-0.103515625,-0.980957031
3,0.305343511,-1.129770992,0.564885496,0.370605469,-0.178710938,-0.954833984
3,0.328244275,0.022900763,-0.687022901,0.184814453,-0.138183594,-1.025146484
3,0.305343511,3.770992366,1.007633588,0.228271484,-0.269042969,-1.095458984
3,-1.374045802,7.41221374,-3.351145038,0.392333984,-0.198486328,-0.979492188
3,-3.41221374,6.610687023,0.679389313,0.328613281,-0.096435547,-0.835205078
3,-7.045801527,1.129770992,6.709923664,0.246826172,0.090576172,-0.837402344
3,-5.312977099,11.58778626,32.11450382,0.278320313,0.372070313,-1.125
3,-10.00763359,9.41221374,41.01526718,0.181152344,0.498046875,-1.0078125
3,-2.083969466,4.282442748,33.61832061,0.253173828,0.180908203,-1.148681641
3,0.229007634,4.954198473,15.06870229,0.371826172,0.063476563,-1.029296875
3,-0.27480916,5.763358779,0.488549618,0.203613281,-0.121826172,-1.002685547
3,-3.908396947,3.839694656,1.160305344,0.392333984,-0.161376953,-0.924072266
3,1.916030534,2.832061069,1.030534351,0.405517578,-0.195800781,-0.939453125
3,-1.022900763,4.480916031,0.572519084,0.37109375,-0.128173828,-1.008789063
3,-0.213740458,-3.320610687,0.496183206,0.163818359,-0.05859375,-0.865722656
3,1.908396947,1.954198473,1.27480916,0.165039063,-0.21484375,-0.952392578
3,1.877862595,1.190839695,-5.213740458,0.234863281,-0.215576172,-0.944335938
3,-7.717557252,5.083969466,1.618320611,0.235595703,-0.087890625,-1.0234375
3,-9.847328244,1.93129771,24.27480916,0.247314453,0.500732422,-1.021728516
3,-0.312977099,8.664122137,38.95419847,0.187744141,0.486572266,-0.963134766
3,-2.740458015,-10.35114504,36.47328244,0.111083984,0.489990234,-0.793945313
3,3.152671756,0.152671756,18.87022901,0.3359375,0.269042969,-0.943603516
3,-2.396946565,14.41221374,14.55725191,0.388427734,-0.097900391,-1.092529297
3,0.190839695,-0.748091603,23.36641221,0.113525391,0.356201172,-0.833007813
3,-0.977099237,4.427480916,0.778625954,0.190673828,-0.095947266,-0.980957031
3,-0.72519084,4.366412214,0.824427481,0.193115234,-0.087890625,-0.991943359
3,-0.572519084,4.503816794,1.671755725,0.340332031,-0.139404297,-0.948730469
3,1.832061069,0.717557252,1.244274809,0.337402344,-0.128662109,-0.947265625
3,-3.419847328,5.732824427,2.022900763,0.345214844,-0.178466797,-0.955566406
3,1.030534351,2.984732824,1.496183206,0.370361328,-0.142578125,-0.90234375
3,-2.816793893,-5.671755725,0.618320611,0.063964844,-0.075195313,-1.008056641
3,-2.816793893,2.603053435,-1.122137405,0.060791016,-0.086181641,-0.932861328
3,-2.79389313,4.519083969,-0.122137405,0.3203125,-0.145019531,-1.01171875
3,-1.13740458,5.183206107,-1.022900763,0.284179688,-0.178466797,-0.955566406
3,-4.259541985,6.351145038,18.67938931,0.21484375,0.31640625,-1.040283203
3,-6.335877863,4.404580153,36.48091603,0.154296875,0.495361328,-1.005371094
3,-7.022900763,13.15267176,40.33587786,0.352294922,0.274414063,-1.002441406
3,-4.916030534,7.320610687,18.44274809,0.298339844,0.156982422,-0.818359375
3,-1.122137405,3.625954198,0.297709924,0.199951172,-0.106201172,-0.990234375
3,-0.824427481,4.251908397,0.908396947,0.196044922,-0.102050781,-0.9921875
3,-0.664122137,5.641221374,1.160305344,0.31640625,-0.119628906,-0.980957031
3,-1.778625954,4.969465649,0.916030534,0.355712891,-0.132080078,-1.002685547
3,1.480916031,3.145038168,-0.877862595,0.328613281,-0.193359375,-0.893798828
3,3.442748092,2.519083969,1.152671756,0.437011719,-0.128173828,-0.923339844
3,-5.786259542,4.290076336,1.427480916,0.273681641,-0.054443359,-1.056640625
3,1.847328244,6.854961832,0.908396947,0.208007813,-0.111083984,-0.94921875
3,0.167938931,4.007633588,-1.557251908,0.314453125,-0.150390625,-0.930908203
3,0.732824427,2.503816794,-0.664122137,0.290527344,-0.096191406,-0.91015625
3,-4.961832061,6.717557252,13.16030534,0.274902344,0.237548828,-1.005859375
3,-2.236641221,7.106870229,39.41984733,0.233886719,0.593261719,-0.92578125
3,-1.984732824,-1.435114504,35.51908397,0.244384766,0.453857422,-0.889892578
3,3,6.13740458,15.32824427,0.444824219,-0.102539063,-1.328613281
3,1.671755725,4.27480916,0.847328244,0.237060547,-0.110595703,-1.011474609
3,-0.900763359,3.488549618,0.687022901,0.192626953,-0.095458984,-0.967529297
3,0.221374046,5.198473282,-0.145038168,0.392333984,-0.181884766,-0.907958984
3,-2.34351145,3.076335878,-1.41221374,0.382080078,-0.155761719,-1.050537109
3,0.748091603,5.824427481,2.038167939,0.341308594,-0.077148438,-0.958007813
3,-9.106870229,10.29770992,2.610687023,0.358154297,-0.102050781,-1.008544922
3,-12.64122137,7.374045802,3.603053435,0.165527344,-0.047363281,-0.997558594
3,-1.13740458,3.251908397,0.427480916,0.360351563,-0.219238281,-1.115966797
3,-1.664122137,7.06870229,0.297709924,0.205566406,-0.149169922,-1.031738281
3,-7.473282443,8.534351145,9.732824427,0.193115234,0.084716797,-0.912841797
3,-11.16030534,4.038167939,32.39694656,0.274414063,0.514892578,-1.072753906
3,1.145038168,4.541984733,38.11450382,0.275390625,0.477050781,-0.954589844
3,-4.198473282,5.832061069,26.71755725,0.205566406,0.165771484,-1.009277344
3,-4.603053435,4.618320611,12.13740458,0.176025391,-0.004882813,-1.091552734
3,-0.839694656,4.152671756,1.061068702,0.181640625,-0.114746094,-0.981445313
3,-0.778625954,3.786259542,0.709923664,0.158203125,-0.078613281,-0.920654297
3,0.442748092,3.122137405,-0.381679389,0.331787109,-0.161621094,-1.033447266
3,-0.099236641,2.221374046,-1.244274809,0.287597656,-0.165283203,-0.8203125
3,-4.961832061,5.122137405,-1.870229008,0.369384766,-0.094970703,-0.780761719
3,2.099236641,4.93129771,1.824427481,0.386962891,-0.159423828,-0.936767578
3,-3,9.160305344,0.778625954,0.230712891,-0.075927734,-1.091064453
3,1.519083969,7.389312977,-1.328244275,0.371582031,-0.291015625,-1.060791016
3,-5.511450382,2.969465649,1.740458015,0.307373047,-0.062744141,-0.888671875
3,-9.099236641,4.27480916,9.732824427,0.243896484,0.09765625,-1.114013672
3,-6.20610687,6.022900763,39.78625954,0.134277344,0.461181641,-1.1796875
3,-0.603053435,8.190839695,42.92366412,0.440185547,0.446044922,-1.252685547
3,-0.664122137,-3.801526718,12.75572519,0.276855469,-0.098388672,-0.661621094
3,-1.129770992,2.992366412,3.648854962,0.160400391,0.008544922,-0.711669922
3,-0.312977099,4.473282443,1.045801527,0.171875,-0.097412109,-1.000488281
3,1.732824427,5.06870229,-0.13740458,0.393798828,-0.186035156,-0.926513672
3,0.022900763,5.06870229,1.007633588,0.411376953,-0.098388672,-0.933105469
3,-2.06870229,5.648854962,2.374045802,0.405761719,-0.143066406,-0.854980469
3,-2.603053435,7.251908397,2.86259542,0.326171875,-0.063232422,-1.059814453
3,-4.27480916,-0.122137405,-1.877862595,0.050537109,-0.118408203,-1.096191406
3,-4.641221374,3.267175573,-2.511450382,0.259033203,-0.201171875,-0.936523438
3,-2.511450382,11.70229008,-1.93129771,0.412597656,-0.1953125,-1.128173828
3,-3.366412214,6.381679389,19.0610687,0.083007813,0.297363281,-1.001464844
3,-7.27480916,10.80152672,37.9389313,0.401123047,0.336181641,-1.161865234
3,-5.732824427,2.954198473,38.12977099,0.321044922,0.385498047,-0.783691406
3,2.496183206,-1.381679389,13.35114504,0.132568359,-0.229736328,-1.007324219
3,-7.419847328,-0.129770992,1.396946565,-0.004150391,-0.077392578,-1.149169922
3,-0.076335878,7.610687023,11.29770992,0.201416016,0.083007813,-1.044433594
3,-0.702290076,4.305343511,1.076335878,0.165771484,-0.081054688,-0.999755859
3,-0.496183206,5.511450382,0.847328244,0.313476563,-0.129882813,-0.985839844
3,-1.152671756,2.977099237,-1.954198473,0.323242188,-0.13671875,-0.962890625
3,-0.290076336,2.893129771,0.320610687,0.384765625,-0.145996094,-1.016601563
3,-2.694656489,4.099236641,-0.969465649,0.325195313,-0.177490234,-1.02734375
3,-4.053435115,2.694656489,2.099236641,0.199707031,0.012939453,-0.919677734
3,0.099236641,8.297709924,0.221374046,0.280517578,-0.193359375,-1.032714844
3,-0.465648855,3.610687023,0.961832061,0.295166016,-0.229492188,-1.011474609
3,-2.167938931,5.335877863,21.48091603,0.253662109,0.348876953,-1.094482422
3,-5.770992366,-1.816793893,41.00763359,0.243896484,0.526611328,-0.876708984
3,-2.27480916,7.083969466,32.45038168,0.371337891,0.249511719,-1.136474609
3,0.473282443,2.091603053,11.57251908,0.086914063,0.139404297,-1.029296875
3,-3.709923664,8.916030534,13.51908397,0.257568359,0.213623047,-0.922363281
3,-3.053435115,0.648854962,23.10687023,-0.014648438,0.276855469,-0.897460938
3,-0.748091603,4.122137405,0.34351145,0.277587891,-0.105712891,-0.931396484
3,-1.251908397,3.267175573,-4.022900763,0.32421875,-0.173339844,-0.995117188
3,-0.839694656,5.320610687,-1.65648855,0.377685547,-0.160888672,-0.810302734
3,-3.648854962,6.122137405,2.267175573,0.352539063,-0.130126953,-1.096679688
3,1.671755725,1.603053435,1.045801527,0.299560547,-0.206054688,-1.076171875
3,0.816793893,-1.251908397,3.839694656,0.105224609,0.013183594,-0.889404297
3,-0.900763359,4.053435115,1.900763359,0.358398438,-0.169677734,-0.986083984
3,-6.41221374,6.076335878,4.183206107,0.234863281,-0.022705078,-0.713623047
3,-5.152671756,7.801526718,31.26717557,0.236816406,0.490966797,-1.159667969
3,-5.977099237,-2.679389313,40.83969466,0.188964844,0.424560547,-0.824707031
3,-5.603053435,5.671755725,19.5648855,0.186035156,0.029296875,-0.915527344
3,-9.893129771,6.549618321,8.778625954,0.298828125,0.135253906,-1.181396484
3,-0.061068702,-3.732824427,13.64122137,0.001953125,0.071044922,-0.821044922
3,-0.473282443,-0.916030534,21,-0.060058594,0.230224609,-1.032470703
3,-0.93129771,4.076335878,0.755725191,0.198730469,-0.086669922,-0.989257813
3,-1.221374046,3.770992366,0.916030534,0.194580078,-0.097412109,-0.987304688
3,-0.083969466,3.786259542,-0.13740458,0.346435547,-0.1640625,-0.947265625
3,0.694656489,2.809160305,0.511450382,0.385009766,-0.175048828,-0.907958984
3,5.648854962,1.419847328,1.847328244,0.317871094,-0.063232422,-0.898681641
3,0.809160305,-1.778625954,0.923664122,0.122314453,-0.126464844,-0.907470703
3,1.091603053,6.320610687,1.20610687,0.443115234,-0.175292969,-1.132324219
3,-0.709923664,4.061068702,1.702290076,0.260986328,-0.22265625,-0.980957031
3,-0.641221374,0.595419847,1.320610687,0.244628906,-0.155761719,-1.137695313
3,-13.03816794,-0.06870229,24.8778626,0.076904297,0.430664063,-0.897216797
3,-11.57251908,1.404580153,45.44274809,0.136230469,0.395019531,-0.935791016
3,-14.29770992,4.86259542,33.14503817,0.188720703,0.131591797,-0.867675781
3,4.58778626,4.122137405,4.900763359,0.140869141,0.038574219,-1.007568359
3,1.625954198,6.908396947,7.27480916,0.072509766,0.276855469,-0.844970703
3,-0.259541985,4.870229008,1.145038168,0.205810547,-0.094482422,-0.989501953
3,-3.633587786,4.358778626,1.106870229,0.225830078,-0.096191406,-0.950439453
3,-0.648854962,2.610687023,0.824427481,0.384765625,-0.142822266,-0.883544922
3,-3.122137405,1.969465649,1.328244275,0.308105469,-0.207519531,-0.996582031
3,0.854961832,5.900763359,2.58778626,0.305419922,-0.119384766,-0.964111328
3,2.152671756,-0.58778626,0.312977099,0.100830078,-0.048095703,-0.848388672
3,1.374045802,0.335877863,-0.816793893,0.25390625,-0.075683594,-0.887939453
3,-2.748091603,0.977099237,0.755725191,0.101074219,-0.024414063,-0.964599609
3,-9.496183206,11.6870229,30.45801527,0.277587891,0.342773438,-1.003662109
3,-12.24427481,14.32061069,42.96946565,0.347412109,0.444335938,-1.066650391
3,2.671755725,6.34351145,20.09160305,0.367431641,0.179443359,-0.999023438
3,-6.763358779,0.885496183,10.22137405,-0.009521484,0.197509766,-0.861083984
3,-2.458015267,4.519083969,27.20610687,0.248535156,0.345703125,-1.091308594
3,-5.633587786,-0.687022901,26.54961832,0.102539063,0.247314453,-0.806884766
3,-0.854961832,4.122137405,0.641221374,0.142822266,-0.089599609,-0.998535156
3,0.778625954,3.114503817,-0.610687023,0.412841797,-0.168457031,-0.954101563
3,-2.015267176,7.213740458,1.503816794,0.462890625,-0.182861328,-1.054931641
3,-5.648854962,8.419847328,4.534351145,0.407226563,0.000976563,-1.040527344
3,1.091603053,2.442748092,-0.541984733,0.105957031,-0.188232422,-1.024169922
3,1.442748092,6.702290076,-2.114503817,0.276855469,-0.223632813,-1.145751953
3,-0.992366412,-1.114503817,-1.519083969,0.119628906,-0.1953125,-0.925292969
3,-10.66412214,4.969465649,30.99236641,0.244628906,0.384765625,-0.977783203
3,-0.160305344,6.503816794,41.77099237,0.286621094,0.333251953,-1.060058594
3,0.633587786,9.618320611,17.6870229,0.288818359,0.017333984,-1.007324219
3,-2.709923664,4.809160305,6.236641221,0.205078125,-0.201416016,-1.104980469
3,6.312977099,4.27480916,2.671755725,0.061767578,-0.113525391,-0.815917969
3,-1.152671756,4.786259542,18.60305344,0.200439453,0.106689453,-1.202148438
3,-0.167938931,3.900763359,30.59541985,0.126953125,0.239013672,-0.961181641
3,-1.13740458,4.099236641,0.770992366,0.177246094,-0.096923828,-0.993652344
3,1.648854962,3.396946565,0.961832061,0.164550781,-0.084716797,-1.013427734
3,-0.480916031,4.900763359,0.549618321,0.355712891,-0.157958984,-0.97265625
3,0.450381679,0.236641221,-0.648854962,0.364257813,-0.149169922,-0.857910156
3,0.664122137,3.061068702,1.648854962,0.325683594,-0.173095703,-1.025146484
3,-0.687022901,-0.122137405,1.20610687,0.269287109,-0.049316406,-0.942138672
3,0.916030534,2.183206107,-0.106870229,0.305664063,-0.154296875,-0.888427734
3,2.465648855,7.870229008,1.076335878,0.399414063,-0.08984375,-0.978759766
3,-0.335877863,9.687022901,28.41984733,0.295166016,0.425048828,-1.286376953
3,-8.786259542,12.93129771,43.48854962,0.252197266,0.607177734,-0.965820313
3,-7.374045802,6.114503817,13.76335878,0.249267578,0.123046875,-0.959228516
3,-6.129770992,3.763358779,6.41221374,-0.136230469,0.130126953,-0.861816406
3,-1.633587786,3.374045802,9.580152672,-0.150878906,0.088378906,-0.897216797
3,-2.809160305,6.564885496,7.717557252,0.103759766,0.006103516,-1.087402344
3,-0.625954198,4.229007634,1.015267176,0.172607422,-0.092041016,-0.994384766
3,-0.267175573,4.41221374,1.030534351,0.188232422,-0.098876953,-0.98828125
3,0.885496183,6.541984733,1.236641221,0.419433594,-0.163085938,-0.954589844
3,0.664122137,1.893129771,0.358778626,0.300292969,-0.094970703,-0.8125
3,1.183206107,2.419847328,0.79389313,0.363769531,-0.236816406,-0.890380859
3,-1.946564885,4.503816794,0.34351145,0.145507813,-0.127929688,-0.990722656
3,-0.687022901,3.816793893,-0.480916031,0.347412109,-0.107666016,-0.908203125
3,-8.251908397,10.08396947,8.854961832,0.352539063,0.136962891,-1.009277344
3,-5.526717557,9.122137405,40.48091603,0.286621094,0.768554688,-1.147949219
3,-4.335877863,-2,31.5648855,0.279296875,0.411865234,-1.202392578
3,-0.519083969,10.58778626,10.48091603,0.319824219,0.019287109,-1.016601563
3,-3.083969466,16.79389313,18.11450382,-0.063476563,0.472167969,-0.935058594
3,-6.526717557,8.374045802,28.87022901,0.283203125,0.266845703,-1.230712891
3,0.129770992,4.229007634,24.48091603,0.214111328,0.077392578,-1.078369141
3,-2.145038168,6.816793893,2.236641221,0.440917969,-0.126953125,-0.934326172
3,-0.641221374,0.053435115,2.145038168,0.441162109,-0.199951172,-0.857177734
3,-1.351145038,4.022900763,-1.305343511,0.212646484,-0.150390625,-0.889404297
3,2.221374046,0.549618321,-0.832061069,0.291748047,-0.219482422,-1.022460938
3,2.129770992,3.984732824,-0.557251908,0.270996094,-0.0078125,-0.856201172
3,2.839694656,5.435114504,0.480916031,0.221191406,-0.217529297,-1.141601563
3,3.557251908,8.832061069,8.961832061,0.160644531,0.041748047,-0.949951172
3,-5.625954198,7.847328244,32.90839695,0.218017578,0.380371094,-1
3,-9.34351145,0.610687023,39.66412214,0.279296875,0.340820313,-0.833496094
3,-0.435114504,5.099236641,7.374045802,0.134277344,0.109619141,-0.9765625
3,-0.809160305,4.93129771,2.13740458,0.171875,0.002441406,-0.900634766
3,-1.045801527,5.106870229,6.320610687,0.200927734,-0.040283203,-1.033691406
3,-4.702290076,4.900763359,11.07633588,0.144287109,0.141601563,-0.949951172
3,-5.160305344,5.061068702,25.42748092,0.104003906,0.135742188,-0.910888672
3,-2.984732824,3.473282443,-0.992366412,0.371337891,-0.159179688,-0.951416016
3,-1.58778626,4.839694656,1.664122137,0.368896484,-0.13671875,-0.950927734
3,-3,7.679389313,2.473282443,0.340820313,-0.061523438,-0.939697266
3,-2.358778626,8.450381679,3.702290076,0.425537109,-0.124755859,-1.110107422
3,-1.671755725,-0.328244275,1.106870229,0.249511719,-0.03125,-0.8515625
3,2.748091603,7.396946565,2.450381679,0.176757813,-0.149169922,-0.980957031
3,-0.061068702,4.34351145,-1.786259542,0.358398438,-0.075195313,-0.852783203
3,-2.648854962,8.572519084,1.992366412,0.307128906,-0.087402344,-0.7578125
3,-1.465648855,4.13740458,10.77099237,0.168945313,0.217285156,-0.992675781
3,-9.450381679,5.267175573,32.80152672,0.233154297,0.342773438,-0.778808594
3,-11.87022901,-0.114503817,39.96946565,0.3125,0.377197266,-0.699951172
3,-14.94656489,9.045801527,30.32824427,0.421630859,0.172119141,-0.985839844
3,-0.854961832,-1.061068702,11.09160305,0.124755859,0.094482422,-0.905029297
3,-6.801526718,11.80916031,15.03816794,0.188232422,0.253417969,-1.263916016
3,0.893129771,2.20610687,1.473282443,0.507080078,-0.122802734,-1.037841797
3,0.564885496,7.595419847,1.786259542,0.416015625,-0.085205078,-0.840332031
3,-5.519083969,6.045801527,1.580152672,0.316162109,-0.002441406,-0.912597656
3,1.229007634,0.129770992,1.251908397,0.244140625,-0.157470703,-1.067626953
3,-3.488549618,5.374045802,2.267175573,0.207519531,0.031982422,-0.942871094
3,-4.870229008,0.679389313,-2.854961832,0.375488281,-0.218505859,-0.995117188
3,-2.27480916,3.671755725,-0.679389313,0.209472656,-0.230712891,-1.121582031
3,-4.633587786,5.824427481,0.595419847,0.209960938,-0.092041016,-1.190429688
3,-0.06870229,6.419847328,6.152671756,0.187744141,0.1640625,-0.963623047
3,-0.022900763,7.442748092,22.32824427,0.276123047,0.310791016,-1.025634766
3,-8.473282443,9.190839695,35.33587786,0.246337891,0.570800781,-1.192138672
3,-14.36641221,-10.32061069,43.34351145,0.057861328,0.562744141,-0.867675781
3,-5.312977099,-5.152671756,41.36641221,0.19140625,0.623291016,-0.941162109
3,-4.641221374,2.267175573,21.7480916,0.314697266,0.118164063,-1.153076172
3,1.58778626,2.175572519,-1.961832061,0.260498047,-0.125244141,-0.928466797
3,0.251908397,0.908396947,-0.06870229,0.344238281,-0.078369141,-0.881835938
3,-1.786259542,3.572519084,0.282442748,0.328369141,-0.113525391,-0.919921875
3,2.06870229,0.748091603,0.839694656,0.258789063,-0.127929688,-0.803955078
3,-2.007633588,5.534351145,2.404580153,0.226074219,-0.097167969,-0.859130859
3,-0.954198473,9.244274809,2.167938931,0.438476563,-0.134033203,-1.043212891
3,-1.114503817,-1.740458015,0.755725191,0.303710938,-0.043457031,-0.893310547
3,-1.015267176,1.687022901,1.076335878,0.290771484,-0.052246094,-1.015136719
3,-2.496183206,0.526717557,0.496183206,0.288330078,-0.156005859,-1.060058594
3,3.511450382,8.320610687,6.496183206,0.175048828,0.116943359,-1.050048828
3,-4.015267176,3.717557252,22.72519084,0.146972656,0.299072266,-1.202148438
3,-8.450381679,-2.595419847,33.32824427,0.169677734,0.444824219,-0.99609375
3,-5.419847328,5.328244275,35.86259542,0.367919922,0.318359375,-1.337646484
3,-3.450381679,8.549618321,38.67938931,0.34375,0.408203125,-0.829345703
3,-2.938931298,4.839694656,0.694656489,0.359130859,-0.183837891,-1.035400391
3,-0.717557252,4.641221374,0.908396947,0.414550781,-0.147949219,-0.991210938
3,3.198473282,2.122137405,0.244274809,0.3359375,-0.109619141,-0.992919922
3,-1.41221374,5.748091603,-0.687022901,0.141357422,-0.154296875,-1.110107422
3,4.320610687,5.946564885,0.732824427,0.245849609,-0.066894531,-0.939208984
3,-2.900763359,4.297709924,-1.946564885,0.220947266,-0.094726563,-0.763427734
3,-2.198473282,12.82442748,0.618320611,0.405029297,-0.194335938,-1.163818359
3,-5.374045802,2.916030534,1.641221374,0.373046875,-0.217285156,-1.053222656
3,2.832061069,0.748091603,0.832061069,0.313476563,-0.097412109,-1.056640625
3,-11.3740458,4.236641221,19.67175573,0.425048828,0.197265625,-1.261474609
3,2.167938931,3.541984733,38.97709924,0.469726563,0.361572266,-1.132080078
3,-6.366412214,10.05343511,37.3740458,0.529296875,0.327392578,-0.754882813
3,-4.625954198,8.41221374,32,0.310546875,0.39453125,-1.141357422
3,-5.72519084,0.816793893,22.0610687,0.310058594,0.126953125,-1.079833984
3,-1.251908397,1.290076336,0.648854962,0.265625,-0.107666016,-0.922851563
3,-1.229007634,5.885496183,0.381679389,0.368164063,-0.172851563,-0.863769531
3,-1.458015267,2.633587786,-0.435114504,0.317871094,-0.151855469,-0.959960938
3,-2.244274809,4.366412214,1.312977099,0.413330078,-0.137939453,-0.976318359
3,-1.229007634,4.526717557,3.320610687,0.319580078,-0.111328125,-0.983886719
3,0.267175573,2.679389313,3.694656489,0.415039063,-0.148681641,-0.917724609
3,-3.86259542,1.480916031,3.381679389,0.349121094,-0.159423828,-0.910644531
3,-1.557251908,0.717557252,0.083969466,0.273925781,-0.316650391,-0.938964844
3,1.427480916,5.541984733,0.93129771,0.221923828,-0.191162109,-1.008544922
3,0.778625954,3.572519084,1.717557252,0.177734375,-0.157714844,-0.960449219
3,-2.290076336,-1.419847328,-0.801526718,0.284423828,-0.199951172,-1.007080078
3,-7.541984733,7.06870229,0.992366412,0.283447266,-0.161621094,-0.927246094
3,0.41221374,2.473282443,-0.511450382,0.288085938,-0.203125,-1.069091797
3,-1.030534351,-1.885496183,0.27480916,0.280029297,-0.263427734,-1.130371094
3,-1,5.854961832,-0.198473282,0.363525391,-0.208740234,-0.849853516
3,-0.557251908,5.824427481,-0.305343511,0.467285156,-0.143554688,-1.005859375
3,1.427480916,4.65648855,-0.152671756,0.553710938,-0.228027344,-0.991699219
3,-2.076335878,-1.106870229,1.549618321,0.22265625,-0.101806641,-1.044189453
3,4.694656489,4.244274809,4.381679389,0.468261719,-0.186767578,-0.834960938
3,0.404580153,4.290076336,0.717557252,0.346679688,-0.165039063,-1.030029297
3,-2.145038168,4.72519084,1.595419847,0.134033203,-0.172363281,-0.893554688
3,1.129770992,1.984732824,2.213740458,0.082275391,-0.014404297,-0.878417969
3,5.351145038,4.076335878,-1.213740458,0.478027344,-0.166015625,-1.015380859
3,0.702290076,3.702290076,-1.961832061,0.330322266,-0.107666016,-0.952636719
3,0.13740458,6.229007634,1.755725191,0.328125,-0.155029297,-0.927490234
3,1.488549618,9.572519084,1.786259542,0.244873047,-0.122802734,-1.070068359
3,1.877862595,3.312977099,-0.702290076,0.202636719,-0.120117188,-0.943359375
3,-5.358778626,3.977099237,5.763358779,0.124511719,0.079589844,-0.949951172
3,-2.213740458,2.801526718,0.251908397,0.388916016,-0.099365234,-1.044189453
3,3.687022901,4.977099237,1.679389313,0.375,-0.118652344,-0.836914063
3,-1.450381679,5.358778626,3.106870229,0.34375,-0.166503906,-1.122558594
3,-1.419847328,7.79389313,1.122137405,0.373779297,-0.031738281,-1.029296875
3,4.977099237,0.259541985,1.083969466,0.354980469,-0.124511719,-0.839599609
3,1.580152672,1.603053435,1.778625954,0.354248047,-0.212158203,-0.963867188
3,-7.618320611,-0.603053435,-0.213740458,0.087646484,-0.03125,-0.999023438
3,2.061068702,5.213740458,1.335877863,0.220214844,-0.164794922,-0.751220703
3,0.564885496,4.099236641,1.496183206,0.177978516,-0.095703125,-1
3,-1.908396947,9.938931298,2.160305344,0.544433594,-0.072265625,-0.849121094
3,1.839694656,3.450381679,-0.664122137,0.298583984,-0.234130859,-0.707519531
3,-1.13740458,1.175572519,-0.290076336,0.180175781,-0.131591797,-0.786376953
3,-0.992366412,2.160305344,0.396946565,0.235351563,-0.042724609,-0.900146484
3,0.977099237,0.664122137,-1.419847328,0.23046875,-0.181884766,-0.955078125
3,-0.908396947,4.022900763,0.961832061,0.175292969,-0.051269531,-0.986816406
3,-0.984732824,4.122137405,1.022900763,0.182373047,-0.042236328,-0.999755859
3,-0.93129771,4.229007634,1.190839695,0.1796875,-0.061279297,-1.006103516
3,-0.541984733,4.259541985,0.519083969,0.172851563,-0.032226563,-0.993164063
3,-1.022900763,3.679389313,1.038167939,0.178222656,-0.036132813,-0.971923828
3,-0.954198473,3.824427481,0.740458015,0.177001953,-0.055664063,-0.985107422
3,-0.755725191,4.20610687,1.061068702,0.167480469,-0.053955078,-1.002197266
3,-0.450381679,4.297709924,0.885496183,0.157470703,-0.052001953,-1.005859375
3,-1.022900763,4.122137405,0.893129771,0.180908203,-0.044189453,-1.006347656
3,-0.717557252,4.015267176,0.732824427,0.17578125,-0.057128906,-0.990234375
3,-0.641221374,4.305343511,0.854961832,0.1796875,-0.045166016,-0.994384766
3,-0.801526718,4.145038168,0.603053435,0.179443359,-0.049316406,-0.985351563
3,-0.801526718,4.175572519,1.091603053,0.172851563,-0.048583984,-0.994628906
3,-0.259541985,4.129770992,0.885496183,0.177978516,-0.057861328,-0.974121094
3,-0.908396947,4.160305344,0.763358779,0.180664063,-0.084472656,-0.995605469
3,-0.519083969,3.984732824,0.72519084,0.242675781,-0.090820313,-0.992675781
3,-0.480916031,7.06870229,1.664122137,0.430664063,-0.154052734,-0.961181641
3,-0.961832061,4.381679389,0.961832061,0.417236328,-0.147705078,-0.927246094
3,0.122137405,2.458015267,1.488549618,0.40234375,-0.126708984,-1.013916016
3,-0.625954198,3.34351145,0.93129771,0.461425781,-0.153808594,-0.979736328
3,1.870229008,6.748091603,1.541984733,0.439941406,-0.075195313,-0.976318359
3,-0.908396947,5.106870229,0.496183206,0.387939453,-0.075683594,-1.015380859
3,-5.65648855,5.076335878,0.992366412,0.451904297,-0.165283203,-1.056396484
3,3.27480916,7.122137405,1.007633588,0.39453125,-0.094970703,-0.984619141
3,-2.312977099,3.312977099,-1.465648855,0.325927734,-0.172363281,-0.870849609
3,0.175572519,-2.328244275,-1.79389313,0.280273438,-0.115966797,-1.0078125
3,10.46564885,4.374045802,2.244274809,0.305419922,-0.158447266,-0.945800781
3,-2.358778626,2.251908397,0.41221374,0.151123047,-0.113769531,-0.858886719
4,-1.610687023,4.984732824,1.045801527,0.056396484,0.00390625,-1.034912109
4,1.053435115,4.519083969,1.099236641,-0.016113281,0.111572266,-0.928222656
4,1.954198473,6.045801527,0.778625954,0.012451172,0.021484375,-0.924316406
4,1.145038168,7.564885496,1.13740458,0.028564453,0.045898438,-1.001953125
4,-2.541984733,2.022900763,0.809160305,0.104736328,-0.024658203,-1.056884766
4,-3.183206107,2,1.183206107,-0.009765625,-0.021728516,-0.998535156
4,-2.381679389,7.282442748,1.534351145,0.018310547,0.078857422,-0.946289063
4,1.030534351,5.679389313,0.305343511,0.021728516,0.072021484,-0.897949219
4,-0.671755725,4.366412214,0.610687023,0.006103516,0.077392578,-1.101318359
4,-0.122137405,3.572519084,0.564885496,0.019042969,0.023193359,-1.030517578
4,-0.664122137,5.091603053,0.030534351,-0.025390625,0.080810547,-1.089599609
4,-1.076335878,4.86259542,1.893129771,0.044433594,0.032958984,-0.978271484
4,-1.015267176,4.282442748,-1.938931298,0.033691406,0.028320313,-0.977539063
4,-0.954198473,4.030534351,0.488549618,0.031494141,-0.027099609,-1.031005859
4,0.503816794,4.877862595,0.694656489,0.030517578,0.042236328,-0.965820313
4,0.709923664,4.175572519,1.297709924,0.09765625,-0.063720703,-1.003662109
4,-0.603053435,5.748091603,0.755725191,0.040527344,0.005371094,-1.020751953
4,0.20610687,3.748091603,0.809160305,0.051757813,0.122802734,-0.963867188
4,1.816793893,5.152671756,0.809160305,-0.013427734,0.078857422,-0.940185547
4,-0.954198473,7.114503817,0.511450382,0.054199219,0.073730469,-1.071289063
4,-2.870229008,4.610687023,0.259541985,0.052978516,0.03515625,-1.096679688
4,-3.106870229,2.328244275,1.076335878,0.016357422,0.090576172,-1.003417969
4,-1.770992366,4.801526718,0.053435115,0.084228516,0.05859375,-1.007080078
4,0.053435115,6.977099237,0.229007634,0.124755859,0.007568359,-0.963623047
4,-0.496183206,5.160305344,0.740458015,0.136474609,0.009277344,-1.043945313
4,-1.419847328,5.435114504,0.702290076,0.105957031,0.004394531,-0.992919922
4,0.053435115,0.351145038,0.786259542,0.115722656,0.038085938,-0.986083984
4,2.893129771,4.229007634,1.030534351,0.297607422,-0.095947266,-0.958496094
4,-0.778625954,7.541984733,0.687022901,-0.004882813,0.069091797,-0.974365234
4,2.053435115,5.358778626,0.603053435,-0.060791016,0.077392578,-0.947265625
4,-0.229007634,2.435114504,0.977099237,-0.033691406,0.025146484,-0.9921875
4,-0.106870229,3.106870229,1.557251908,-0.047851563,0.016601563,-1.059082031
4,-0.022900763,4.984732824,1.603053435,0.011230469,0.069335938,-0.977783203
4,-0.717557252,5.557251908,1.625954198,-0.005126953,0.102539063,-1.024658203
4,-1.106870229,7.34351145,0.839694656,0.035644531,-0.032226563,-0.971435547
4,1.824427481,5.167938931,1.58778626,0.059814453,0.093505859,-0.983154297
4,-1.41221374,4.007633588,0.511450382,0.048339844,0.001220703,-1.021728516
4,-0.679389313,5.534351145,0.664122137,0.090820313,0.108886719,-1.042236328
4,-0.145038168,3.809160305,0.984732824,0.024658203,0.011230469,-0.924560547
4,-1.061068702,5.770992366,0.79389313,0.016845703,0.076904297,-0.9140625
4,-3.79389313,10.13740458,0.816793893,0.074462891,0.040527344,-0.846679688
4,-13.35877863,-8.679389313,9.335877863,0.397705078,-0.062255859,-1.224853516
4,0.625954198,7.213740458,1.221374046,0.07421875,0.085449219,-0.978515625
4,1.717557252,5.519083969,1.847328244,0.103515625,-0.022460938,-1.033203125
4,0.045801527,1.366412214,1.27480916,0.124511719,-0.018554688,-1.065673828
4,-1.213740458,3.145038168,0.992366412,0.00390625,0.061035156,-0.970703125
4,-0.465648855,9.091603053,1.709923664,0.185302734,0.039550781,-1.072998047
4,1.251908397,9.122137405,2.72519084,0.658447266,-0.251708984,-1.029785156
4,-0.114503817,5.13740458,0.58778626,0.602050781,-0.329589844,-0.965087891
4,-1.709923664,5.809160305,0.366412214,0.013671875,0.131347656,-1.034667969
4,1.717557252,5.549618321,1.022900763,0.036865234,0.071044922,-1.063964844
4,-0.839694656,7.061068702,1.251908397,-0.009765625,0.082519531,-1.080810547
4,-0.916030534,5.65648855,0.732824427,0.069824219,0.030761719,-1.059082031
4,0.190839695,8.465648855,1.488549618,0.413818359,-0.118408203,-0.939453125
4,1.34351145,6.465648855,1.534351145,0.617431641,-0.203613281,-1.055175781
4,-1.190839695,3.641221374,3.213740458,0.671142578,-0.318359375,-0.974853516
4,-3,4.427480916,0.709923664,-0.025634766,0.078369141,-0.930419922
4,-0.427480916,2.251908397,0.72519084,0.037353516,0.051513672,-1.017089844
4,-0.564885496,2.916030534,0.595419847,0.004882813,0.073730469,-0.925537109
4,0.923664122,6.183206107,1.465648855,0.089599609,-0.001464844,-1.023681641
4,-2.404580153,2.404580153,0.251908397,0.523193359,-0.220947266,-1.083984375
4,5.160305344,12.98473282,2.732824427,0.680664063,-0.348632813,-0.965576172
4,3.099236641,7.450381679,0.938931298,0.587646484,-0.227294922,-0.912353516
4,-1.320610687,5.06870229,0.114503817,-0.023681641,0.050292969,-1.075439453
4,-1.450381679,4.564885496,0.389312977,0.052978516,0.083496094,-1.115478516
4,0.809160305,2.145038168,0.351145038,-0.018066406,0.06640625,-1.050537109
4,-1.748091603,3.687022901,0.694656489,0.031738281,0.060302734,-1.021484375
4,1.473282443,6.015267176,1.015267176,0.396972656,-0.072265625,-0.992675781
4,-0.030534351,4.961832061,0.366412214,0.561767578,-0.194335938,-0.973144531
4,-3.557251908,5.259541985,0.961832061,0.569580078,-0.325927734,-0.981201172
4,-2.786259542,7.519083969,1.763358779,0.058837891,0.088623047,-0.999023438
4,-0.908396947,5.618320611,1.13740458,0.026611328,0.144042969,-0.983154297
4,-0.297709924,7.045801527,1.488549618,0.05078125,0.033935547,-0.983886719
4,-0.152671756,7.282442748,2.389312977,0.5390625,-0.137207031,-1.270751953
4,-0.580152672,5.381679389,1.877862595,0.586914063,-0.255859375,-0.950683594
4,-3.65648855,7.175572519,1.748091603,0.612304688,-0.293457031,-0.934814453
4,-1.72519084,5.809160305,1.13740458,0.66015625,-0.223632813,-0.994140625
4,-0.938931298,5.328244275,0.86259542,0.031738281,0.05859375,-0.974365234
4,-0.648854962,3.969465649,0.969465649,-0.033691406,0.101806641,-0.974853516
4,-1.305343511,3.473282443,0.519083969,0.011962891,0.068115234,-1.04296875
4,0.709923664,8.580152672,1.083969466,0.227539063,-0.160644531,-0.904785156
4,0.20610687,2.34351145,1.877862595,0.606933594,-0.147460938,-1.172851563
4,-0.297709924,5.038167939,0.801526718,0.621826172,-0.262939453,-1.000244141
4,-1.381679389,3.374045802,1.114503817,0.61328125,-0.2265625,-0.97265625
4,-2.732824427,4.977099237,1.610687023,0.051269531,0.101074219,-1.245849609
4,-0.106870229,6.893129771,1.27480916,0.087890625,-0.008056641,-1.071533203
4,4.503816794,5.022900763,1.244274809,0.009277344,0.034912109,-0.947021484
4,5.160305344,6.770992366,1.572519084,0.297851563,-0.112548828,-1.039306641
4,-3.564885496,4.41221374,1.488549618,0.538574219,-0.245361328,-1.034912109
4,-2.282442748,3.022900763,0.801526718,0.638427734,-0.223632813,-1.050292969
4,-1.984732824,5.351145038,1.175572519,0.640869141,-0.326416016,-0.991455078
4,0.038167939,4.824427481,1.20610687,0.030761719,0.032958984,-1.053222656
4,-3.870229008,4.847328244,1.20610687,0.116699219,0.082519531,-1.059814453
4,3.290076336,9.480916031,1.335877863,0.101318359,-0.027587891,-1.0546875
4,0.465648855,2.72519084,1.473282443,0.580810547,-0.145751953,-1.023193359
4,-0.022900763,4.229007634,1.160305344,0.640136719,-0.307861328,-0.879150391
4,0.213740458,4.625954198,0.595419847,0.577392578,-0.270751953,-0.939453125
4,-1.34351145,2.595419847,0.65648855,0.643310547,-0.252441406,-0.911621094
4,2.549618321,4.969465649,0.557251908,0.120849609,-0.061523438,-0.938476563
4,-4.480916031,4.290076336,0.290076336,0.14453125,-0.023193359,-1.072021484
4,5.290076336,7.259541985,-0.404580153,0.136474609,0.117431641,-1.057373047
4,4.06870229,7.083969466,0.664122137,0.194091797,0.022705078,-0.989013672
4,-0.847328244,0.671755725,1.27480916,0.578125,-0.260009766,-0.982910156
4,5.679389313,2.442748092,1.465648855,0.678955078,-0.305419922,-0.971679688
4,0.061068702,7.297709924,1.404580153,0.647216797,-0.307128906,-0.885498047
4,-2.267175573,5.328244275,0.877862595,-0.029541016,0.137451172,-1.027587891
4,0.190839695,5.038167939,0.961832061,-0.005859375,0.199951172,-1.043457031
4,0.572519084,7.488549618,0.740458015,0.051269531,-0.011962891,-0.818603516
4,0.664122137,4.160305344,0.778625954,0.506591797,-0.243164063,-0.920410156
4,2.809160305,7.641221374,1.122137405,0.706787109,-0.374023438,-0.999755859
4,2.06870229,4.824427481,2.076335878,0.63671875,-0.306152344,-1.0546875
4,0.167938931,4.572519084,1.290076336,0.592529297,-0.28515625,-0.99609375
4,-3.877862595,5.259541985,1.259541985,0.0234375,0.031982422,-1.0546875
4,-1.633587786,4.541984733,1.389312977,-0.079589844,0.106445313,-1.067382813
4,-0.526717557,7.27480916,0.305343511,0.038330078,0.038330078,-1.041992188
4,2.595419847,7.984732824,-1.251908397,0.5859375,-0.159179688,-0.997070313
4,0.625954198,4.160305344,-1.916030534,0.695068359,-0.358398438,-0.991210938
4,-0.511450382,2.015267176,0.72519084,0.669677734,-0.347900391,-1.041259766
4,-3.763358779,1.992366412,0.93129771,0.000732422,0.069824219,-1.115478516
4,-0.519083969,5.465648855,-1.145038168,0.076416016,0.067382813,-0.913330078
4,1.267175573,4.671755725,-0.458015267,0.120117188,0.089111328,-1.041015625
4,-1.442748092,2.145038168,0.320610687,0.078369141,0.057617188,-0.989257813
4,1.015267176,8.65648855,1.885496183,0.527832031,-0.319091797,-1.0234375
4,-4.702290076,0.290076336,-0.27480916,0.540771484,-0.30078125,-1.001220703
4,-3.877862595,3.045801527,0.511450382,0.732177734,-0.323974609,-1.059082031
4,-0.061068702,4.503816794,0.893129771,0.646728516,-0.306884766,-1
4,5.312977099,3.091603053,0.832061069,-0.029052734,0.080810547,-0.94921875
4,-0.526717557,6.473282443,0.946564885,0.07421875,0.108154297,-1.037597656
4,-5.877862595,4.259541985,1.007633588,0.151611328,-0.017822266,-1.006835938
4,0.603053435,4.900763359,1.770992366,0.459472656,-0.2578125,-1.077148438
4,-2.824427481,4.938931298,0.977099237,0.653076172,-0.291259766,-0.822265625
4,-0.290076336,4.778625954,0.427480916,0.643798828,-0.325195313,-1.036376953
4,-0.488549618,4.297709924,0.908396947,0.477539063,-0.217285156,-0.979980469
4,-0.061068702,2.610687023,0.671755725,0.010742188,0.111816406,-1.012207031
4,1.480916031,5.572519084,1.045801527,0.091064453,0.117675781,-1.010986328
4,0.549618321,7.251908397,0.328244275,0.118164063,0.037841797,-1.058837891
4,-4.419847328,4.847328244,0.938931298,0.747802734,-0.396728516,-0.932128906
4,-3.648854962,4.977099237,0.969465649,0.692138672,-0.341552734,-0.940673828
4,-1.648854962,3.488549618,0.595419847,0.032470703,0.05859375,-0.892822266
4,-1.13740458,4.099236641,1.030534351,0.102294922,0.028076172,-1.005859375
4,-2,3.27480916,1.595419847,0.154541016,0.021484375,-0.927490234
4,-5.847328244,2.526717557,11.6259542,0.634277344,-0.345214844,-0.978515625
4,-4.038167939,5.572519084,0.900763359,0.592041016,-0.410644531,-0.947998047
4,-1.679389313,4.175572519,0.839694656,0.5,-0.219970703,-0.948730469
4,-1.06870229,4.419847328,1.175572519,0.280029297,-0.051513672,-0.985595703
4,-1.305343511,3.664122137,1.053435115,0.103515625,0.035400391,-1.031494141
4,-0.816793893,4.618320611,0.977099237,0.121826172,0.037597656,-1.039550781
4,0.580152672,4.847328244,0.748091603,0.031982422,0.000732422,-1.027832031
4,-1.946564885,7.022900763,1.122137405,0,0.056884766,-0.992675781
4,1.549618321,6.618320611,1.389312977,0.424804688,-0.176757813,-0.923583984
4,-3.496183206,3.801526718,1.488549618,0.529296875,-0.388916016,-1.001708984
4,4.114503817,8.015267176,1.328244275,0.690917969,-0.320068359,-0.938720703
4,-1.664122137,4.290076336,1.13740458,0.602050781,-0.279541016,-1.017089844
4,-1.015267176,5.832061069,0.488549618,0.415771484,-0.151367188,-0.998779297
4,-1.954198473,5.167938931,0.679389313,0.033935547,0.062988281,-1.043945313
4,4.641221374,8.770992366,2.320610687,0.509521484,-0.154296875,-0.933349609
4,0.625954198,5.427480916,3.152671756,0.670410156,-0.406738281,-1.0078125
4,-5.717557252,5.190839695,1.541984733,0.630859375,-0.450195313,-0.983154297
4,-1.641221374,3.595419847,0.503816794,0.423339844,-0.127929688,-0.948730469
4,-0.595419847,4.328244275,0.679389313,0.284667969,-0.083251953,-0.994873047
4,-0.381679389,4.679389313,0.977099237,0.127685547,0.024658203,-0.998291016
4,0.72519084,3.885496183,1.503816794,-0.005615234,0.080566406,-1.039550781
4,0.198473282,4.045801527,2.106870229,-0.020507813,0.010009766,-1.119140625
4,1.916030534,9.442748092,2.786259542,0.382568359,-0.226806641,-0.994628906
4,1.465648855,4.236641221,2.763358779,0.640136719,-0.376464844,-0.931152344
4,3.419847328,5.526717557,3.847328244,0.709228516,-0.302978516,-0.958496094
4,-1.061068702,4.267175573,0.877862595,0.558105469,-0.240966797,-0.950683594
4,-2.152671756,2.541984733,0.34351145,0.056884766,0.051269531,-0.954345703
4,0.488549618,5.969465649,1.541984733,0.000976563,0.057128906,-0.848144531
4,-0.801526718,4.34351145,1.099236641,0.099609375,0.168457031,-1.044433594
4,0.702290076,5.083969466,0.641221374,0.444580078,-0.154052734,-1.034667969
4,1.496183206,4.20610687,1.740458015,0.545898438,-0.178222656,-0.961914063
4,1.885496183,5,2.083969466,0.534179688,-0.281982422,-0.907470703
4,-0.641221374,5.106870229,1.320610687,0.548583984,-0.243652344,-0.97265625
4,-2.557251908,3.86259542,0.450381679,0.066650391,0.083251953,-0.93359375
4,-1.946564885,5.877862595,0.832061069,0.092529297,0.111816406,-1.169677734
4,-1.488549618,7.435114504,1.045801527,0.006591797,0.056152344,-0.854248047
4,5.633587786,6.435114504,1.992366412,0.468261719,-0.182373047,-0.89453125
4,0.564885496,4.984732824,1.641221374,0.590576172,-0.353515625,-0.875
4,-1.984732824,4.213740458,-0.099236641,0.297607422,-0.108398438,-1.026611328
4,-1.122137405,3.786259542,0.190839695,0.272216797,-0.096923828,-0.975341797
4,-0.595419847,3.580152672,0.877862595,0.180175781,-0.033691406,-0.962402344
4,-1.213740458,5.633587786,-0.58778626,-0.018798828,0.137695313,-0.996826172
4,-0.34351145,5.152671756,-0.045801527,0.055419922,0.121582031,-1.048583984
4,1.091603053,0.702290076,0.129770992,0.547363281,-0.234130859,-1.031494141
4,-2.122137405,4.801526718,1.160305344,0.673583984,-0.325439453,-0.991699219
4,-0.557251908,4.167938931,1.030534351,0.601074219,-0.298095703,-0.990966797
4,-0.13740458,4.916030534,1.091603053,0.079345703,0.046142578,-0.982910156
4,-0.595419847,3.167938931,0.580152672,0.072998047,0.018554688,-0.916748047
4,-2.732824427,1.992366412,1.27480916,-0.014892578,0.133300781,-0.964599609
4,-1.030534351,1.442748092,0.229007634,0.040039063,0.134277344,-1.087646484
4,1.541984733,7.106870229,0.65648855,0.674804688,-0.30859375,-0.94140625
4,4.305343511,5.442748092,0.977099237,0.622558594,-0.234863281,-0.987060547
4,-2.27480916,3.458015267,0.900763359,0.586669922,-0.269042969,-0.974121094
4,-1.038167939,3.702290076,1.022900763,0.384033203,-0.138183594,-1.009765625
4,-0.526717557,4.328244275,0.938931298,0.104248047,0.045654297,-0.987792969
4,-0.091603053,5.679389313,0.854961832,-0.021728516,0.115722656,-0.998779297
4,-0.160305344,7.809160305,0.900763359,0.010742188,0.165527344,-1.042724609
4,-0.083969466,3.740458015,2.664122137,0.565673828,-0.361572266,-0.991699219
4,-4.694656489,1.778625954,1.267175573,0.575927734,-0.162353516,-0.939941406
4,-1.442748092,3.473282443,0.282442748,0.503173828,-0.256591797,-1.057861328
4,-0.938931298,4.282442748,0.748091603,0.331298828,-0.088867188,-0.9765625
4,-0.648854962,5.091603053,0.687022901,0.141357422,0.038330078,-1.015625
4,-0.633587786,4.20610687,2.816793893,-0.045410156,0.125976563,-1.019775391
4,-1.832061069,2.816793893,2.267175573,0.063720703,0.046142578,-1.113769531
4,-0.381679389,6.061068702,1.083969466,0.631591797,-0.344238281,-0.957519531
4,0.86259542,6.648854962,3.763358779,0.579589844,-0.251708984,-1.074462891
4,-1.358778626,4.732824427,1.458015267,0.525390625,-0.217529297,-1.005859375
4,-0.641221374,4.511450382,0.946564885,0.308349609,-0.08984375,-0.989501953
4,-1.251908397,4.320610687,0.832061069,0.119873047,0.035888672,-0.976806641
4,-0.34351145,4.541984733,1.824427481,-0.007568359,0.144775391,-0.998779297
4,0.79389313,5.572519084,1.175572519,0.025390625,0.038330078,-0.984130859
4,-0.839694656,5.290076336,1.190839695,0.602294922,-0.352294922,-0.947509766
4,0.916030534,5.541984733,0.748091603,0.616943359,-0.328613281,-0.962402344
4,-1.786259542,3.396946565,0.877862595,0.110351563,-0.000488281,-1.043945313
4,-0.557251908,4.816793893,0.763358779,0.100097656,0.030761719,-0.981201172
4,-0.442748092,2.030534351,0.992366412,0.084472656,0.063964844,-1.013427734
4,1.404580153,2.740458015,0.13740458,0.103515625,0.074707031,-1.012939453
4,3.396946565,4.427480916,1.351145038,0.18359375,-0.040527344,-0.910644531
4,-1.961832061,2.358778626,8.893129771,0.472900391,-0.431152344,-0.873535156
4,-0.435114504,5.396946565,1.282442748,0.459960938,-0.227050781,-0.967041016
4,-1.061068702,4.534351145,1.183206107,0.419189453,-0.192871094,-1.002685547
4,-1.015267176,5.259541985,0.65648855,0.308837891,-0.090087891,-1.023193359
4,-0.877862595,4.488549618,0.045801527,0.098144531,-0.015869141,-1.001220703
